categoria,imagen,nombre,precio,url
Tenis de básquetbol,"https://static.nike.com/a/images/t_web_pw_592_v2/f_auto/u_126ab356-44d8-4a06-89b4-fcdcc8df0245,c_scale,fl_relative,w_1.0,h_1.0,fl_layer_apply/faedf3c4-049c-4d1a-8336-9af1e714597c/JORDAN+TRIANGLE.png",Jordan Triangle,"$3,299",https://www.nike.com/mx/t/tenis-de-basquetbol-jordan-triangle-gv0D4ib5/IB1154-001
Tacos de fútbol para pasto sintético (turf) de corte low,"https://static.nike.com/a/images/t_web_pw_592_v2/f_auto/u_9ddf04c7-2a9a-4d76-add1-d15af8f0263d,c_scale,fl_relative,w_1.0,h_1.0,fl_layer_apply/be300ccc-8e5c-4833-aab7-acf4c8f8ce2a/TIEMPO+LIGERA+PRO+TF.png",Nike Tiempo Ligera Pro,"$3,499",https://www.nike.com/mx/t/tacos-de-futbol-para-pasto-sintetico-turf-de-corte-low-nike-tiempo-ligera-pro-N5rCHDLE/IB4477-101
Tacos de fútbol para pasto sintético (turf) de corte low,"https://static.nike.com/a/images/t_web_pw_592_v2/f_auto/u_9ddf04c7-2a9a-4d76-add1-d15af8f0263d,c_scale,fl_relative,w_1.0,h_1.0,fl_layer_apply/9434847b-43ed-46cc-bd6f-9981e5a745cb/TIEMPO+MAESTRO+CLUB+TF.png",Nike Tiempo Maestro Club,"$1,499",https://www.nike.com/mx/t/tacos-de-futbol-para-pasto-sintetico-turf-de-corte-low-nike-tiempo-maestro-club-nz7j5MQq/IB4482-100
Tenis para hombre,"https://static.nike.com/a/images/t_web_pw_592_v2/f_auto/u_9ddf04c7-2a9a-4d76-add1-d15af8f0263d,c_scale,fl_relative,w_1.0,h_1.0,fl_layer_apply/89ae04bf-6320-42c4-8ebd-aa5575bc0c80/NIKE+AVA+EDGE.png",Nike Ava Edge,"$3,299",https://www.nike.com/mx/t/tenis-para-hombre-nike-ava-edge-bXAhFofH/IM1973-001
Tenis de básquetbol,"https://static.nike.com/a/images/t_web_pw_592_v2/f_auto/u_9ddf04c7-2a9a-4d76-add1-d15af8f0263d,c_scale,fl_relative,w_1.0,h_1.0,fl_layer_apply/1a98027c-50da-4254-a862-a9cec5f58968/SABRINA+4.png","Sabrina 4 ""Limelight Glow""","$3,199",https://www.nike.com/mx/t/tenis-de-basquetbol-sabrina-4-limelight-glow-aZHIGSQH/II0402-300
Tenis de correr en pavimento para hombre,"https://static.nike.com/a/images/t_web_pw_592_v2/f_auto/u_9ddf04c7-2a9a-4d76-add1-d15af8f0263d,c_scale,fl_relative,w_1.0,h_1.0,fl_layer_apply/16089d64-9013-4c79-8455-f1704ef036ee/NIKE+VOMERO+PREMIUM.png",Nike Vomero Premium,"$5,099",https://www.nike.com/mx/t/tenis-de-correr-en-pavimento-para-hombre-nike-vomero-premium-3qQBAuyS/HQ2050-102
Tenis de skateboarding,"https://static.nike.com/a/images/t_web_pw_592_v2/f_auto/u_9ddf04c7-2a9a-4d76-add1-d15af8f0263d,c_scale,fl_relative,w_1.0,h_1.0,fl_layer_apply/37463d65-9b7c-4f58-88bb-84d54302650b/NIKE+AIR+MAX+ISHOD.png",Nike Air Max Ishod,"$2,749",https://www.nike.com/mx/t/tenis-de-skateboarding-nike-air-max-ishod-E9O5NZ22/IR1887-400
Tenis para hombre,"https://static.nike.com/a/images/t_web_pw_592_v2/f_auto/u_9ddf04c7-2a9a-4d76-add1-d15af8f0263d,c_scale,fl_relative,w_1.0,h_1.0,fl_layer_apply/84b3498b-0d9a-44a2-88f7-98740a64cd1f/AIR+FORCE+1+%2707+PRM.png",Nike Air Force 1 '07 Patent Leather,"$2,799",https://www.nike.com/mx/t/tenis-para-hombre-nike-air-force-1-07-patent-leather-os4d7EJG/IV2857-100
Tenis para hombre,"https://static.nike.com/a/images/t_web_pw_592_v2/f_auto/u_126ab356-44d8-4a06-89b4-fcdcc8df0245,c_scale,fl_relative,w_1.0,h_1.0,fl_layer_apply/da637ca2-1d97-4c79-b164-8150690293b1/AIR+JORDAN+1+MID.png",Air Jordan 1 Mid,"$3,299",https://www.nike.com/mx/t/tenis-para-hombre-air-jordan-1-mid-f8W9ns/DQ8426-007
Tenis para hombre,"https://static.nike.com/a/images/t_web_pw_592_v2/f_auto/u_9ddf04c7-2a9a-4d76-add1-d15af8f0263d,c_scale,fl_relative,w_1.0,h_1.0,fl_layer_apply/2990f85d-8844-4e5b-a222-31ed53a5a9d4/NIKE+DUNK+LOW+RETRO.png",Nike Dunk Low Retro,"$2,599",https://www.nike.com/mx/t/tenis-para-hombre-nike-dunk-low-retro-oPwW8yBu/HF5441-105
Tenis para hombre,"https://static.nike.com/a/images/t_web_pw_592_v2/f_auto/u_9ddf04c7-2a9a-4d76-add1-d15af8f0263d,c_scale,fl_relative,w_1.0,h_1.0,fl_layer_apply/32d638e9-2060-4462-8bd6-b8258e57cf59/AIR+FORCE+1+%2707.png",Nike Air Force 1 '07,"$2,599",https://www.nike.com/mx/t/tenis-para-hombre-nike-air-force-1-07-xYsy9wZN/IV5732-100
Tenis para hombre,"https://static.nike.com/a/images/t_web_pw_592_v2/f_auto/u_9ddf04c7-2a9a-4d76-add1-d15af8f0263d,c_scale,fl_relative,w_1.0,h_1.0,fl_layer_apply/149eb34f-fcec-4b17-b923-089bcc16d000/AIR+FORCE+1+%2707+LV8+SPORT.png",Nike Air Force 1 '07 LV8,"$2,799",https://www.nike.com/mx/t/tenis-para-hombre-nike-air-force-1-07-lv8-srVQ3161/IM5752-001
Tenis de entrenamiento para hombre,"https://static.nike.com/a/images/t_web_pw_592_v2/f_auto/u_9ddf04c7-2a9a-4d76-add1-d15af8f0263d,c_scale,fl_relative,w_1.0,h_1.0,fl_layer_apply/b2c4690c-2fe3-4be6-bc6f-eb0cfb9dfe3c/NIKE+FREE+METCON+7+AMP.png",Nike Free Metcon 7 AMP,"$3,299",https://www.nike.com/mx/t/tenis-de-entrenamiento-para-hombre-nike-free-metcon-7-amp-QzwzpXCf/IR0278-001
Tenis de básquetbol,"https://static.nike.com/a/images/t_web_pw_592_v2/f_auto/u_126ab356-44d8-4a06-89b4-fcdcc8df0245,c_scale,fl_relative,w_1.0,h_1.0,fl_layer_apply/94dde898-fe71-4ae9-8cfc-794f2a21b9cd/AIR+JORDAN+40+ASW.png","Air Jordan 40 ""Infrared""","$4,499",https://www.nike.com/mx/t/tenis-de-basquetbol-air-jordan-40-infrared-W2emhO7C/IQ4092-001
Tenis de skateboarding,"https://static.nike.com/a/images/t_web_pw_592_v2/f_auto/u_9ddf04c7-2a9a-4d76-add1-d15af8f0263d,c_scale,fl_relative,w_1.0,h_1.0,fl_layer_apply/f2532088-22b4-41c0-bcb3-8c479c4eef43/NIKE+SB+ZOOM+BLAZER+MID.png",Nike SB Zoom Blazer Mid,"$2,199",https://www.nike.com/mx/t/tenis-de-skateboarding-nike-sb-zoom-blazer-mid-WyTAj8OA/864349-007
Tacos de futbol para pasto sintético (turf) de corte low,"https://static.nike.com/a/images/t_web_pw_592_v2/f_auto/u_9ddf04c7-2a9a-4d76-add1-d15af8f0263d,c_scale,fl_relative,w_1.0,h_1.0,fl_layer_apply/057564ee-230d-4260-9555-9121977f28ef/VAPOR+17+PRO+TF.png",Nike Mercurial Vapor 17 Pro,"$3,699",https://www.nike.com/mx/t/tacos-de-futbol-para-pasto-sintetico-turf-de-corte-low-nike-mercurial-vapor-17-pro-aCKPP9Kg/IM5811-600
Tacos de futbol para pasto sintético (turf) de corte high,"https://static.nike.com/a/images/t_web_pw_592_v2/f_auto/u_9ddf04c7-2a9a-4d76-add1-d15af8f0263d,c_scale,fl_relative,w_1.0,h_1.0,fl_layer_apply/e0c70da7-5696-4683-876f-7efa10fbe21a/SUPERFLY+11+CLUB+TF.png",Nike Mercurial Superfly 11 Club,"$1,899",https://www.nike.com/mx/t/tacos-de-futbol-para-pasto-sintetico-turf-de-corte-high-nike-mercurial-superfly-11-club-ISEMYyjf/IO1498-100
Calzado para hombre,"https://static.nike.com/a/images/t_web_pw_592_v2/f_auto/u_9ddf04c7-2a9a-4d76-add1-d15af8f0263d,c_scale,fl_relative,w_1.0,h_1.0,fl_layer_apply/2557b521-7942-40b2-af87-9839b62bba32/AIR+MORE+UPTEMPO+%2796.png",Nike Air More Uptempo '96,"$3,999",https://www.nike.com/mx/t/calzado-para-hombre-nike-air-more-uptempo-96-TK3FMT/DV0819-001
Tenis de básquetbol,"https://static.nike.com/a/images/t_web_pw_592_v2/f_auto/u_9ddf04c7-2a9a-4d76-add1-d15af8f0263d,c_scale,fl_relative,w_1.0,h_1.0,fl_layer_apply/62b002da-5883-4032-8071-c40bee479170/NIKE+G.T.+CUT+DH+X+TITAN+PE.png","Nike G.T. Cut ""Dylan Harper x TITAN""","$4,899",https://www.nike.com/mx/t/tenis-de-basquetbol-nike-gt-cut-dylan-harper-x-titan-IUSh3E9G/IU0779-001
Tacos de futbol para pasto sintético (turf) de corte low,"https://static.nike.com/a/images/t_web_pw_592_v2/f_auto/u_9ddf04c7-2a9a-4d76-add1-d15af8f0263d,c_scale,fl_relative,w_1.0,h_1.0,fl_layer_apply/805b1b1f-58af-4a52-a2b9-73c2b61a96ce/VAPOR+17+CLUB+TF.png",Nike Mercurial Vapor 17 Club,"$1,699",https://www.nike.com/mx/t/tacos-de-futbol-para-pasto-sintetico-turf-de-corte-low-nike-mercurial-vapor-17-club-9Etof8uE/IM5965-600
Tacos de fútbol para terrenos múltiples,"https://static.nike.com/a/images/t_web_pw_592_v2/f_auto/u_9ddf04c7-2a9a-4d76-add1-d15af8f0263d,c_scale,fl_relative,w_1.0,h_1.0,fl_layer_apply/1257cf3f-1adb-458c-9560-66ee0cd360e5/PHANTOM+6+HIGH+CLUB+FG%2FMG.png",Nike Phantom 6 High Club,"$1,799",https://www.nike.com/mx/t/tacos-de-futbol-para-terrenos-multiples-nike-phantom-6-high-club-Fkkjn654/HQ2275-600
Tenis de básquetbol,"https://static.nike.com/a/images/t_web_pw_592_v2/f_auto/u_126ab356-44d8-4a06-89b4-fcdcc8df0245,c_scale,fl_relative,w_1.0,h_1.0,fl_layer_apply/dd896263-3c9b-4aff-bb46-100150b45ecf/JORDAN+LUKA+5+ESS.png","Luka 5 ""Graffiti""","$3,099",https://www.nike.com/mx/t/tenis-de-basquetbol-luka-5-graffiti-NAn6aX8L/IR0963-100
Tacos de futbol para terrenos múltiples de corte high,"https://static.nike.com/a/images/t_web_pw_592_v2/f_auto/u_9ddf04c7-2a9a-4d76-add1-d15af8f0263d,c_scale,fl_relative,w_1.0,h_1.0,fl_layer_apply/0b3e31f5-21ff-4be8-9467-66b17dd0b73e/SUPERFLY+11+CLUB+FG%2FMG.png",Nike Mercurial Superfly 11 Club,"$1,899",https://www.nike.com/mx/t/tacos-de-futbol-para-terrenos-multiples-de-corte-high-nike-mercurial-superfly-11-club-zwAAQEFt/IM0358-100
Tacos de futbol para terreno firme de corte low,"https://static.nike.com/a/images/t_web_pw_592_v2/f_auto/u_9ddf04c7-2a9a-4d76-add1-d15af8f0263d,c_scale,fl_relative,w_1.0,h_1.0,fl_layer_apply/5b145286-3559-4c43-84cc-89fc580765dd/ZM+SUPERFLY+11+ELITE+FG.png",Nike Mercurial Superfly 11 Elite,"$7,599",https://www.nike.com/mx/t/tacos-de-futbol-para-terreno-firme-de-corte-low-nike-mercurial-superfly-11-elite-7xGskQzm/IF8507-101
Tacos de futbol para terreno firme de corte low,"https://static.nike.com/a/images/t_web_pw_592_v2/f_auto/u_9ddf04c7-2a9a-4d76-add1-d15af8f0263d,c_scale,fl_relative,w_1.0,h_1.0,fl_layer_apply/96a32925-20a5-4e01-a064-ae29717bba9a/VAPOR+17+PRO+FG.png",Nike Mercurial Vapor 17 Pro,"$3,699",https://www.nike.com/mx/t/tacos-de-futbol-para-terreno-firme-de-corte-low-nike-mercurial-vapor-17-pro-YkSxtTmv/IF8512-600
Tenis para hombre,"https://static.nike.com/a/images/t_web_pw_592_v2/f_auto/u_9ddf04c7-2a9a-4d76-add1-d15af8f0263d,c_scale,fl_relative,w_1.0,h_1.0,fl_layer_apply/721d2f2d-d069-44aa-9de5-70e0574d4308/NIKE+V5+RNR.png",Nike V5 RNR,"$1,999",https://www.nike.com/mx/t/tenis-para-hombre-nike-v5-rnr-LKsijjcD/HJ5228-014
Tenis para hombre,"https://static.nike.com/a/images/t_web_pw_592_v2/f_auto/u_126ab356-44d8-4a06-89b4-fcdcc8df0245,c_scale,fl_relative,w_1.0,h_1.0,fl_layer_apply/376178e9-bcc7-4c07-8b01-e46b6c63dbc2/AIR+JORDAN+1+LOW+SE.png",Air Jordan 1 Low SE,"$3,299",https://www.nike.com/mx/t/tenis-para-hombre-air-jordan-1-low-se-6OyAFi3P/IX3529-010
Tenis para hombre,"https://static.nike.com/a/images/t_web_pw_592_v2/f_auto/u_9ddf04c7-2a9a-4d76-add1-d15af8f0263d,c_scale,fl_relative,w_1.0,h_1.0,fl_layer_apply/41ce7096-b798-4cd2-b341-2a94885ada32/AIR+FORCE+1+%2707.png",Nike Air Force 1 '07,"$2,599",https://www.nike.com/mx/t/tenis-para-hombre-nike-air-force-1-07-iR4fEQqI/IH1698-003
Tenis de básquetbol para hombre,"https://static.nike.com/a/images/t_web_pw_592_v2/f_auto/u_9ddf04c7-2a9a-4d76-add1-d15af8f0263d,c_scale,fl_relative,w_1.0,h_1.0,fl_layer_apply/5fc74bf9-df9d-4c3b-a7ef-555b3f70c8a8/NIKE+PRECISION+8+LOW.png",Nike Precision 8 Low,"$1,999",https://www.nike.com/mx/t/tenis-de-basquetbol-para-hombre-nike-precision-8-low-qjD7yBMh/IH1104-003
Tacos de fútbol para terrenos múltiples,"https://static.nike.com/a/images/t_web_pw_592_v2/f_auto/u_9ddf04c7-2a9a-4d76-add1-d15af8f0263d,c_scale,fl_relative,w_1.0,h_1.0,fl_layer_apply/20be608c-de64-45bc-8b44-306f9fc0c252/PHANTOM+6+LOW+CLUB+FG%2FMG.png",Nike Phantom 6 Low Club,"$1,699",https://www.nike.com/mx/t/tacos-de-futbol-para-terrenos-multiples-nike-phantom-6-low-club-NTNrIQoE/HM8933-600
Tenis de entrenamiento para hombre,"https://static.nike.com/a/images/t_web_pw_592_v2/f_auto/u_9ddf04c7-2a9a-4d76-add1-d15af8f0263d,c_scale,fl_relative,w_1.0,h_1.0,fl_layer_apply/c22d2e8b-3c4c-4297-b530-b198a73565a2/NIKE+FREE+METCON+7.png",Nike Free Metcon 7,"$2,999",https://www.nike.com/mx/t/tenis-de-entrenamiento-para-hombre-nike-free-metcon-7-1IwQn9Sg/II7405-401
Tenis de trail running impermeables para hombre,"https://static.nike.com/a/images/t_web_pw_592_v2/f_auto/u_9ddf04c7-2a9a-4d76-add1-d15af8f0263d,c_scale,fl_relative,w_1.0,h_1.0,fl_layer_apply/79475bbd-c6b0-4260-8574-411ce77d4e33/NIKE+ACG+ZEGAMA+TRAIL+GTX.png",Nike ACG Zegama Trail GORE-TEX,"$4,599",https://www.nike.com/mx/t/tenis-de-trail-running-impermeables-para-hombre-nike-acg-zegama-trail-gore-tex-nHqsMMcB/IO7932-001
Tenis para hombre,"https://static.nike.com/a/images/t_web_pw_592_v2/f_auto/u_9ddf04c7-2a9a-4d76-add1-d15af8f0263d,c_scale,fl_relative,w_1.0,h_1.0,fl_layer_apply/0935f732-890c-421f-8fd9-926a009dcf3a/NIKE+REAX+8+NSW+SL.png",Nike Reax 8 SL,"$2,299",https://www.nike.com/mx/t/tenis-para-hombre-nike-reax-8-sl-QWGppwXk/IR5118-004
Tenis para hombre,"https://static.nike.com/a/images/t_web_pw_592_v2/f_auto/u_9ddf04c7-2a9a-4d76-add1-d15af8f0263d,c_scale,fl_relative,w_1.0,h_1.0,fl_layer_apply/46f174d5-8fd6-45e1-8394-0e3fc7a31b52/NIKE+COURT+VISION+LO+P+NB.png",Nike Court Vision Low,"$1,799",https://www.nike.com/mx/t/tenis-para-hombre-nike-court-vision-low-BXRV7ooo/IM0459-003
Calzado de tenis para cancha de arcilla para hombre,"https://static.nike.com/a/images/t_web_pw_592_v2/f_auto/u_9ddf04c7-2a9a-4d76-add1-d15af8f0263d,c_scale,fl_relative,w_1.0,h_1.0,fl_layer_apply/febef907-04df-44f6-8b9f-fd9ca007dd6a/M+NIKE+COURT+LITE+4+CLY.png",NikeCourt Lite 4,"$1,999",https://www.nike.com/mx/t/calzado-de-tenis-para-cancha-de-arcilla-para-hombre-nikecourt-lite-4-H1DfDD/FN0530-101
Tacos de fútbol para terrenos múltiples de corte low,"https://static.nike.com/a/images/t_web_pw_592_v2/f_auto/u_9ddf04c7-2a9a-4d76-add1-d15af8f0263d,c_scale,fl_relative,w_1.0,h_1.0,fl_layer_apply/7de1c574-6826-47ed-94c3-1c32bc9d9178/TIEMPO+MAESTRO+ACADEMY+FG%2FMG.png",Nike Tiempo Maestro Academy,"$2,099",https://www.nike.com/mx/t/tacos-de-futbol-de-corte-low-para-terrenos-multiples-nike-tiempo-maestro-academy-W4HekVw4/IB1600-101
Tacos de futbol para pasto sintético (turf) de corte high,"https://static.nike.com/a/images/t_web_pw_592_v2/f_auto/u_9ddf04c7-2a9a-4d76-add1-d15af8f0263d,c_scale,fl_relative,w_1.0,h_1.0,fl_layer_apply/71dabb8a-6ec5-4d12-81c5-d31d70ed5458/SUPERFLY+11+ACADEMY+TF.png",Nike Mercurial Superfly 11 Academy,"$2,499",https://www.nike.com/mx/t/tacos-de-futbol-para-pasto-sintetico-turf-de-corte-high-nike-mercurial-superfly-11-academy-zhmyU85x/IO1494-100
Tenis,"https://static.nike.com/a/images/t_web_pw_592_v2/f_auto/u_9ddf04c7-2a9a-4d76-add1-d15af8f0263d,c_scale,fl_relative,w_1.0,h_1.0,fl_layer_apply/11366d8e-0534-42e3-818f-bd6fcbbe4ff7/NIKE+P-6000+SE+LOS.png",Nike P-6000 SE,"$2,999",https://www.nike.com/mx/t/tenis-nike-p-6000-se-7g4QrN0Q/IO3370-002
Tacos de fútbol para pasto sintético (turf),"https://static.nike.com/a/images/t_web_pw_592_v2/f_auto/u_9ddf04c7-2a9a-4d76-add1-d15af8f0263d,c_scale,fl_relative,w_1.0,h_1.0,fl_layer_apply/b9260518-9672-4245-81f9-4e960a5561fc/REACTX+PHANTOM+6+LOW+PRO+TF.png",Nike Phantom 6 Low Pro,"$3,199",https://www.nike.com/mx/t/tacos-de-futbol-para-pasto-sintetico-turf-nike-phantom-6-low-pro-mZox8kmd/HJ4123-600
Tacos de futbol para pasto sintético (turf) de corte low,"https://static.nike.com/a/images/t_web_pw_592_v2/f_auto/u_9ddf04c7-2a9a-4d76-add1-d15af8f0263d,c_scale,fl_relative,w_1.0,h_1.0,fl_layer_apply/a3df9a78-aaf3-4e90-adda-3dc02e82dee6/VAPOR+17+ACADEMY+TF.png",Nike Mercurial Vapor 17 Academy,"$2,399",https://www.nike.com/mx/t/tacos-de-futbol-para-pasto-sintetico-turf-de-corte-low-nike-mercurial-vapor-17-academy-C4nM1a5v/IO5002-600
Tacos de futbol para terrenos múltiples de corte high,"https://static.nike.com/a/images/t_web_pw_592_v2/f_auto/u_9ddf04c7-2a9a-4d76-add1-d15af8f0263d,c_scale,fl_relative,w_1.0,h_1.0,fl_layer_apply/0e320959-2f83-4065-820f-f545feb81de0/SUPERFLY+11+ACADEMY+FG%2FMG.png",Nike Mercurial Superfly 11 Academy,"$2,499",https://www.nike.com/mx/t/tacos-de-futbol-para-terrenos-multiples-de-corte-high-nike-mercurial-superfly-11-academy-SdNiSkj7/IO1485-100
Tacos de fútbol para pasto sintético (turf),"https://static.nike.com/a/images/t_web_pw_592_v2/f_auto/u_9ddf04c7-2a9a-4d76-add1-d15af8f0263d,c_scale,fl_relative,w_1.0,h_1.0,fl_layer_apply/307231f5-5f8f-45bf-afaa-d0c7375ae41b/PHANTOM+6+HIGH+ACAD+TF.png",Nike Phantom 6 High Academy,"$2,499",https://www.nike.com/mx/t/tacos-de-futbol-para-pasto-sintetico-turf-nike-phantom-6-high-academy-R1VThVxf/HQ2277-600
Tacos de fútbol para terrenos múltiples,"https://static.nike.com/a/images/t_web_pw_592_v2/f_auto/u_9ddf04c7-2a9a-4d76-add1-d15af8f0263d,c_scale,fl_relative,w_1.0,h_1.0,fl_layer_apply/99b3f859-407e-4cff-aa60-9a864abbe3c7/PHANTOM+6+HIGH+ACAD+FG%2FMG.png",Nike Phantom 6 High Academy,"$2,499",https://www.nike.com/mx/t/phantom-6-high-academy-tacos-de-futbol-para-terrenos-multiples-TSrzViyX/HQ2278-600
Tacos de fútbol para pasto sintético (turf),"https://static.nike.com/a/images/t_web_pw_592_v2/f_auto/u_9ddf04c7-2a9a-4d76-add1-d15af8f0263d,c_scale,fl_relative,w_1.0,h_1.0,fl_layer_apply/81866844-dfd7-499f-88f9-b2eb5a167137/PHANTOM+6+HIGH+CLUB+TF.png",Nike Phantom 6 High Club,"$1,799",https://www.nike.com/mx/t/tacos-de-futbol-para-pasto-sintetico-turf-nike-phantom-6-high-club-O7uTFA32/HQ2276-600
Tacos de fútbol para terreno firme,"https://static.nike.com/a/images/t_web_pw_592_v2/f_auto/u_9ddf04c7-2a9a-4d76-add1-d15af8f0263d,c_scale,fl_relative,w_1.0,h_1.0,fl_layer_apply/48e263f3-d1f1-4d44-81d3-2092abd68a99/PHANTOM+6+LOW+ELITE+FG.png",Nike Phantom 6 Low Elite,"$5,899",https://www.nike.com/mx/t/tacos-de-futbol-para-terreno-firme-nike-phantom-6-low-elite-F8j81aUI/HJ2146-600
Tacos de fútbol para pasto sintético (turf),"https://static.nike.com/a/images/t_web_pw_592_v2/f_auto/u_9ddf04c7-2a9a-4d76-add1-d15af8f0263d,c_scale,fl_relative,w_1.0,h_1.0,fl_layer_apply/1c705de0-ba6e-4c71-b69b-40a5113f0d4e/PHANTOM+6+LOW+ACAD+TF.png",Nike Phantom 6 Low Academy,"$2,199",https://www.nike.com/mx/t/tacos-de-futbol-para-pasto-sintetico-turf-nike-phantom-6-low-academy-Fmu2eYN4/HQ2325-600
Tenis para hombre,"https://static.nike.com/a/images/t_web_pw_592_v2/f_auto/u_9ddf04c7-2a9a-4d76-add1-d15af8f0263d,c_scale,fl_relative,w_1.0,h_1.0,fl_layer_apply/4bc86f1c-997b-49e9-bf58-d86c78d26582/AIR+MAX+90.png",Nike Air Max 90,"$2,999",https://www.nike.com/mx/t/tenis-para-hombre-nike-air-max-90-asbDYLvw/IM9616-001
Tacos de fútbol para terreno firme de corte low,"https://static.nike.com/a/images/t_web_pw_592_v2/f_auto/u_9ddf04c7-2a9a-4d76-add1-d15af8f0263d,c_scale,fl_relative,w_1.0,h_1.0,fl_layer_apply/a61f43dd-0b09-45b3-ac20-9e2f6298b6d8/TIEMPO+MAESTRO+ELITE+FG.png",Nike Tiempo Maestro Elite,"$5,999",https://www.nike.com/mx/t/tacos-de-futbol-para-terreno-firme-de-corte-low-nike-tiempo-maestro-elite-AwUfgokN/HQ3157-101
Tenis para hombre,"https://static.nike.com/a/images/t_web_pw_592_v2/f_auto/u_9ddf04c7-2a9a-4d76-add1-d15af8f0263d,c_scale,fl_relative,w_1.0,h_1.0,fl_layer_apply/009d1cbd-81a0-4b3f-879a-97803ccb2a14/AIR+MAX+FIRE.png",Nike Air Max Fire,"$2,199",https://www.nike.com/mx/t/tenis-para-hombre-nike-air-max-fire-fpx9GLPZ/IR0819-011
Tenis de correr en pavimento para hombre,"https://static.nike.com/a/images/t_web_pw_592_v2/f_auto/u_9ddf04c7-2a9a-4d76-add1-d15af8f0263d,c_scale,fl_relative,w_1.0,h_1.0,fl_layer_apply/c9f4aceb-a20e-4011-86f5-de151e4cc698/NIKE+PEGASUS+PREMIUM.png",Nike Pegasus Premium,"$4,999",https://www.nike.com/mx/t/tenis-de-correr-en-pavimento-para-hombre-nike-pegasus-premium-DC1Cxh/HQ2592-019
Tenis para hombre,"https://static.nike.com/a/images/t_web_pw_592_v2/f_auto/u_9ddf04c7-2a9a-4d76-add1-d15af8f0263d,c_scale,fl_relative,w_1.0,h_1.0,fl_layer_apply/a3c69b13-b8ac-4a08-a0dd-3ec01f737f35/TENNIS+CLASSIC+CS.png",Tennis Classic CS,"$2,399",https://www.nike.com/mx/t/tenis-para-hombre-tennis-classic-cs-PHZe1lSY/IV2437-100
Tenis de trail running para hombre,"https://static.nike.com/a/images/t_web_pw_592_v2/f_auto/u_9ddf04c7-2a9a-4d76-add1-d15af8f0263d,c_scale,fl_relative,w_1.0,h_1.0,fl_layer_apply/b161d676-95c8-40bc-93ff-e5dbe484047c/NIKE+ACG+PEGASUS+TRAIL.png",Nike ACG Pegasus Trail,"$3,099",https://www.nike.com/mx/t/tenis-de-trail-running-para-hombre-nike-acg-pegasus-trail-59KaIsTb/HV8116-301
Tenis para hombre,"https://static.nike.com/a/images/t_web_pw_592_v2/f_auto/u_126ab356-44d8-4a06-89b4-fcdcc8df0245,c_scale,fl_relative,w_1.0,h_1.0,fl_layer_apply/88e1020e-4f52-4000-b44c-b421c73b9db1/AIR+JORDAN+3+RETRO+OG.png","Air Jordan 3 Retro ""True Blue""","$4,499",https://www.nike.com/mx/t/tenis-para-hombre-air-jordan-3-retro-true-blue-8WKWon32/IF4396-104
Tenis de correr en pavimento para hombre,"https://static.nike.com/a/images/t_web_pw_592_v2/f_auto/u_9ddf04c7-2a9a-4d76-add1-d15af8f0263d,c_scale,fl_relative,w_1.0,h_1.0,fl_layer_apply/00d620c2-e023-4a24-a96d-7b850c3678d6/NIKE+VOMERO+18.png",Nike Vomero 18,"$3,399",https://www.nike.com/mx/t/tenis-de-correr-en-pavimento-para-hombre-nike-vomero-18-JW7z8ruR/HM6803-021
Tenis de trail running para hombre,"https://static.nike.com/a/images/t_web_pw_592_v2/f_auto/u_9ddf04c7-2a9a-4d76-add1-d15af8f0263d,c_scale,fl_relative,w_1.0,h_1.0,fl_layer_apply/8b2dbcd2-611a-445d-8789-a90c4a629820/NIKE+ACG+ZEGAMA+TRAIL.png",ACG Zegama Trail,"$4,199",https://www.nike.com/mx/t/tenis-de-trail-running-para-hombre-acg-zegama-trail-K3SIdwYZ/HV8113-300
Tenis de correr en pavimento para hombre,"https://static.nike.com/a/images/t_web_pw_592_v2/f_auto/u_9ddf04c7-2a9a-4d76-add1-d15af8f0263d,c_scale,fl_relative,w_1.0,h_1.0,fl_layer_apply/ca0587b0-8837-4b8e-90e1-98fa3ae000f5/AIR+ZOOM+PEGASUS+42.png",Nike Pegasus 42,"$3,299",https://www.nike.com/mx/t/tenis-de-correr-en-pavimento-para-hombre-nike-pegasus-42-yKhguOhl/IB1873-008
Tenis de básquetbol,"https://static.nike.com/a/images/t_web_pw_592_v2/f_auto/u_9ddf04c7-2a9a-4d76-add1-d15af8f0263d,c_scale,fl_relative,w_1.0,h_1.0,fl_layer_apply/c6b8a5cf-1f1d-45a2-a272-fccc40e81288/KD19.png",KD19,"$3,799",https://www.nike.com/mx/t/tenis-de-basquetbol-kd19-smwkQCyS/IH1117-400
Tenis,"https://static.nike.com/a/images/t_web_pw_592_v2/f_auto/u_9ddf04c7-2a9a-4d76-add1-d15af8f0263d,c_scale,fl_relative,w_1.0,h_1.0,fl_layer_apply/e71f12e9-4ad1-4299-b010-f47f5d40dbe7/DUNK+LOW+PROTRO.png",Kobe Dunk Low Protro,"$3,099",https://www.nike.com/mx/t/tenis-kobe-dunk-low-protro-MrCH77FW/IQ3919-001
Tenis para hombre,"https://static.nike.com/a/images/t_web_pw_592_v2/f_auto/u_9ddf04c7-2a9a-4d76-add1-d15af8f0263d,c_scale,fl_relative,w_1.0,h_1.0,fl_layer_apply/ad4a3019-d4e0-4056-a27c-ea6d60f7ced5/NIKE+AVA+X.png",Nike Ava X Mesh,"$2,799",https://www.nike.com/mx/t/tenis-para-hombre-nike-ava-x-mesh-oWQHcixP/IQ7633-003
Tenis para hombre,"https://static.nike.com/a/images/t_web_pw_592_v2/f_auto/u_9ddf04c7-2a9a-4d76-add1-d15af8f0263d,c_scale,fl_relative,w_1.0,h_1.0,fl_layer_apply/e387ea65-f09f-47e2-9178-b435e2cae281/AIR+MAX+95+BIG+BUBBLE+QS+2.png",Nike Air Max 95 Big Bubble,"$4,099",https://www.nike.com/mx/t/tenis-nike-air-max-95-big-bubble-para-hombre-O9wzFpXZ/IR1944-400
Tenis para hombre,"https://static.nike.com/a/images/t_web_pw_592_v2/f_auto/u_9ddf04c7-2a9a-4d76-add1-d15af8f0263d,c_scale,fl_relative,w_1.0,h_1.0,fl_layer_apply/9339fefa-fd19-4e0b-996a-86d8afcc4e97/NIKE+AIR+MAX+PLUS+OG+PRM+1.png","Nike Air Max Plus Premium ""Scorpion""","$4,199",https://www.nike.com/mx/t/tenis-para-hombre-nike-air-max-plus-premium-scorpion-p6WlMu3z/IM9624-001
Tenis para hombre,"https://static.nike.com/a/images/t_web_pw_592_v2/f_auto/u_9ddf04c7-2a9a-4d76-add1-d15af8f0263d,c_scale,fl_relative,w_1.0,h_1.0,fl_layer_apply/6742b12f-8744-400e-8c42-5d493fb30c85/AIR+MAX+DN8+PRM+SE.png",Nike Air Max Dn8 Premium SE,"$4,499",https://www.nike.com/mx/t/tenis-para-hombre-nike-air-max-dn8-premium-se-3ZonG0MW/IV6223-001
Tacos de futbol para cancha cubierta de corte low,"https://static.nike.com/a/images/t_web_pw_592_v2/f_auto/u_9ddf04c7-2a9a-4d76-add1-d15af8f0263d,c_scale,fl_relative,w_1.0,h_1.0,fl_layer_apply/e1c1b55b-f7f2-486a-b3cf-045cfeb57f8f/TIEMPO+STREETGATO+GU.png",Nike Tiempo Streetgato,"$2,299",https://www.nike.com/mx/t/tacos-de-futbol-para-cancha-cubierta-de-corte-low-nike-tiempo-streetgato-G7rqBWVK/IZ1689-600
Tenis para hombre,"https://static.nike.com/a/images/t_web_pw_592_v2/f_auto/u_126ab356-44d8-4a06-89b4-fcdcc8df0245,c_scale,fl_relative,w_1.0,h_1.0,fl_layer_apply/093be915-657f-4dce-bf28-eb5f1581710a/AIR+JORDAN+4+RETRO.png","Air Jordan 4 Retro ""Comic""","$4,999",https://www.nike.com/mx/t/tenis-para-hombre-air-jordan-4-retro-comic-bkgSIOUl/JA1135-100
Tenis de básquetbol A'ja Wilson,"https://static.nike.com/a/images/t_web_pw_592_v2/f_auto/u_9ddf04c7-2a9a-4d76-add1-d15af8f0263d,c_scale,fl_relative,w_1.0,h_1.0,fl_layer_apply/ab665e03-df17-48e6-b3fe-2e961a02b939/A%27TWO+ASW.png","A'Two ""Mirrored""","$4,099",https://www.nike.com/mx/t/tenis-de-basquetbol-aja-wilson-atwo-mirrored-h2AHMbVG/IR4504-100
Tenis de correr en pavimento para hombre,"https://static.nike.com/a/images/t_web_pw_592_v2/f_auto/u_9ddf04c7-2a9a-4d76-add1-d15af8f0263d,c_scale,fl_relative,w_1.0,h_1.0,fl_layer_apply/502a9301-a6eb-47df-9b24-3e930e02e1ac/NIKE+STRUCTURE+PLUS.png",Nike Structure Plus,"$3,699",https://www.nike.com/mx/t/tenis-de-correr-en-pavimento-para-hombre-nike-structure-plus-Yl1qLY5T/HQ3048-005
Tenis de básquetbol para hombre,"https://static.nike.com/a/images/t_web_pw_592_v2/f_auto/u_126ab356-44d8-4a06-89b4-fcdcc8df0245,c_scale,fl_relative,w_1.0,h_1.0,fl_layer_apply/8fbc6b5b-da13-41e0-86d5-c0fd766cab1b/JORDAN+ALL+GAME.png",Jordan All Game,"$1,999",https://www.nike.com/mx/t/tenis-de-basquetbol-para-hombre-jordan-all-game-GeUOunUy/IQ6576-001
Tenis de entrenamiento para hombre,"https://static.nike.com/a/images/t_web_pw_592_v2/f_auto/u_9ddf04c7-2a9a-4d76-add1-d15af8f0263d,c_scale,fl_relative,w_1.0,h_1.0,fl_layer_apply/f1268759-79f2-45a0-8b47-d57025793a29/NIKE+FLEX+TRAIN.png",Nike Flex Train,"$1,899",https://www.nike.com/mx/t/tenis-de-entrenamiento-para-hombre-nike-flex-train-faZlIeXS/HV9972-001
Chanclas para hombre,"https://static.nike.com/a/images/t_web_pw_592_v2/f_auto/u_9ddf04c7-2a9a-4d76-add1-d15af8f0263d,c_scale,fl_relative,w_1.0,h_1.0,fl_layer_apply/43a25253-02a8-41a7-a0a7-10e30574ba46/NIKE+REACTX+REJUVEN8+SLIDE.png",Nike ReactX Rejuven8,"$1,499",https://www.nike.com/mx/t/chanclas-para-hombre-nike-reactx-rejuven8-deFsC4o2/HV4479-001
Tenis para hombre,"https://static.nike.com/a/images/t_web_pw_592_v2/f_auto/u_126ab356-44d8-4a06-89b4-fcdcc8df0245,c_scale,fl_relative,w_1.0,h_1.0,fl_layer_apply/lpebomrl3j5wr5bj6k4o/AIR+JORDAN+1+RETRO+LOW+NS.png",Air Jordan 1 Retro Low,"$3,399",https://www.nike.com/mx/t/tenis-para-hombre-air-jordan-1-retro-low-86x4XLgZ/848775-005
Chanclas para hombre,"https://static.nike.com/a/images/t_web_pw_592_v2/f_auto/u_9ddf04c7-2a9a-4d76-add1-d15af8f0263d,c_scale,fl_relative,w_1.0,h_1.0,fl_layer_apply/4c34ccb5-bf5d-4c9a-b6a6-3a3be5d4c88f/NIKE+VICTORI+ONE+SLIDE.png",Nike Victori One,$899,https://www.nike.com/mx/t/chanclas-para-hombre-nike-victori-one-XvDFHt/CN9675-401
Tenis para hombre,"https://static.nike.com/a/images/t_web_pw_592_v2/f_auto/u_9ddf04c7-2a9a-4d76-add1-d15af8f0263d,c_scale,fl_relative,w_1.0,h_1.0,fl_layer_apply/a11be1d0-0568-4e23-a790-727dc6824159/NIKE+DUNK+LOW+RETRO.png",Nike Dunk Low Retro,"$2,599",https://www.nike.com/mx/t/tenis-para-hombre-nike-dunk-low-retro-uxjnWPAu/IM4414-200
Tenis de básquetbol,"https://static.nike.com/a/images/t_web_pw_592_v2/f_auto/u_9ddf04c7-2a9a-4d76-add1-d15af8f0263d,c_scale,fl_relative,w_1.0,h_1.0,fl_layer_apply/cfabf2c1-c247-4bcd-8254-e94ef7744efb/GIANNIS+IMMORTALITY+5.png",Giannis Immortality 5,"$2,399",https://www.nike.com/mx/t/tenis-de-basquetbol-giannis-immortality-5-yZBAd3eE/IM5130-002
Tenis de correr en pavimento para hombre,"https://static.nike.com/a/images/t_web_pw_592_v2/f_auto/u_9ddf04c7-2a9a-4d76-add1-d15af8f0263d,c_scale,fl_relative,w_1.0,h_1.0,fl_layer_apply/23a92391-dd60-49a7-b4a0-28aaa5960708/NIKE+VOMERO+18+ESS.png",Nike Vomero 18,"$3,399",https://www.nike.com/mx/t/tenis-de-correr-en-pavimento-para-hombre-nike-vomero-18-3ttXDctn/IM8333-200
Tenis para hombre,"https://static.nike.com/a/images/t_web_pw_592_v2/f_auto/u_9ddf04c7-2a9a-4d76-add1-d15af8f0263d,c_scale,fl_relative,w_1.0,h_1.0,fl_layer_apply/b8faafb5-4c52-4a1e-91d1-8b159ef5864e/NIKE+AIR+MAX+95+BIG+BUBBLE.png",Nike Air Max 95 Big Bubble,"$3,899",https://www.nike.com/mx/t/tenis-nike-air-max-95-big-bubble-para-hombre-ShZ8ocKI/IM9605-002
Tenis para hombre,"https://static.nike.com/a/images/t_web_pw_592_v2/f_auto/u_9ddf04c7-2a9a-4d76-add1-d15af8f0263d,c_scale,fl_relative,w_1.0,h_1.0,fl_layer_apply/81470bcd-068f-46f5-83cf-2f2bdada4c53/AIR+MAX+TL+2.5.png",Nike Air Max TL 2.5,"$3,999",https://www.nike.com/mx/t/tenis-para-hombre-nike-air-max-tl-2-5-wMUhqjt8/IO3037-003
Tenis de tenis para cancha dura para hombre,"https://static.nike.com/a/images/t_web_pw_592_v2/f_auto/u_9ddf04c7-2a9a-4d76-add1-d15af8f0263d,c_scale,fl_relative,w_1.0,h_1.0,fl_layer_apply/d2bdf5e8-517e-4780-bbb3-cec384c159d3/M+ZM+GP+CHALLENGE+1.5+HC+PRM.png",Nike GP Challenge 1.5 PRM,"$3,999",https://www.nike.com/mx/t/tenis-de-tenis-para-cancha-dura-para-hombre-nike-gp-challenge-1-5-prm-AzsFIrzG/IQ6311-600
Tenis de tenis para cancha de arcilla para hombre,"https://static.nike.com/a/images/t_web_pw_592_v2/f_auto/u_9ddf04c7-2a9a-4d76-add1-d15af8f0263d,c_scale,fl_relative,w_1.0,h_1.0,fl_layer_apply/e57a2dfa-9c94-4dfd-9d83-876937a6470e/M+ZOOM+GP+CHALLENGE+PRO+CLY.png",Nike Zoom GP Challenge Pro,"$2,799",https://www.nike.com/mx/t/tenis-de-tenis-para-cancha-de-arcilla-para-hombre-nike-zoom-gp-challenge-pro-Ad7qB3Lu/IR2776-002
Tenis para hombre,"https://static.nike.com/a/images/t_web_pw_592_v2/f_auto/u_9ddf04c7-2a9a-4d76-add1-d15af8f0263d,c_scale,fl_relative,w_1.0,h_1.0,fl_layer_apply/f33ebd9b-5ed3-414a-8704-e1c67f4aa838/NIKE+P-6000.png",Nike P-6000,"$2,999",https://www.nike.com/mx/t/tenis-para-hombre-nike-p-6000-O3KXy8AA/IR5279-004
Tenis para hombre,"https://static.nike.com/a/images/t_web_pw_592_v2/f_auto/u_9ddf04c7-2a9a-4d76-add1-d15af8f0263d,c_scale,fl_relative,w_1.0,h_1.0,fl_layer_apply/1c2125e8-900f-4e7d-8a1a-28153098dadd/NIKE+AIR+MAX+MOTO+2K+2TONE.png",Nike Air Max Moto 2K 2Tone,"$3,199",https://www.nike.com/mx/t/tenis-para-hombre-nike-air-max-moto-2k-2tone-X7adKsSC/IU7904-100
Tenis de básquetbol,https://static.nike.com/a/images/t_web_pw_592_v2/f_auto/8f3c27eb-89eb-42c5-9222-3e66b6ebe5f1/KOBE+V+PROTRO.png,"Kobe 5 ""Hyper Royal""","$4,099",https://www.nike.com/mx/launch/r/IO6256-400
Tenis para hombre,https://static.nike.com/a/images/t_web_pw_592_v2/f_auto/2da8fc50-9721-41d8-a786-f80a2bd2e440/AIR+FORCE+1+LOW+PROTRO.png,Nike Air Force 1 Low Protro,"$3,599",https://www.nike.com/mx/launch/r/IQ3920-001
Tenis de básquetbol,"https://static.nike.com/a/images/t_web_pw_592_v2/f_auto/u_9ddf04c7-2a9a-4d76-add1-d15af8f0263d,c_scale,fl_relative,w_1.0,h_1.0,fl_layer_apply/9968ef86-df3b-4ba5-b884-0847939dd7aa/KOBE+III+LOW+PROTRO.png",Kobe III Protro,"$4,399",https://www.nike.com/mx/t/tenis-de-basquetbol-kobe-iii-protro-Ss3hOjAD/IQ3917-100
Tenis para hombre,https://static.nike.com/a/images/t_web_pw_592_v2/f_auto/690528e1-5e97-4f01-a605-6ef2eb9098b8/AIR+MAX+90+SP.png,Nike Air Max 90 SP,"$3,299",https://www.nike.com/mx/launch/r/IR1953-200
Tenis de básquetbol,"https://static.nike.com/a/images/t_web_pw_592_v2/f_auto/u_9ddf04c7-2a9a-4d76-add1-d15af8f0263d,c_scale,fl_relative,w_1.0,h_1.0,fl_layer_apply/4faaad0f-02b0-483f-ba8a-35036ac8b8f2/JA+4.png","Ja 4 ""Nightmare""","$2,899",https://www.nike.com/mx/t/tenis-de-basquetbol-ja-4-nightmare-C1NvNbVu/IM4135-405
Sandalias tipo mule para antes del partido para hombre,https://static.nike.com/a/images/t_web_pw_592_v2/f_auto/99b7f79b-5e29-463e-98c2-a8293c39c0a3/NIKE+MIND+001+AMP.png,Nike Mind 001 AMP,"$2,099",https://www.nike.com/mx/launch/r/IZ6659-400
Sandalias tipo mule para antes del partido para hombre,"https://static.nike.com/a/images/t_web_pw_592_v2/f_auto/u_9ddf04c7-2a9a-4d76-add1-d15af8f0263d,c_scale,fl_relative,w_1.0,h_1.0,fl_layer_apply/779dc71b-c450-4952-8571-8123b420de8c/NIKE+MIND+001.png",Nike Mind 001,"$2,099",https://www.nike.com/mx/t/sandalias-tipo-mule-para-antes-del-partido-nike-mind-001-para-hombre-E9VfROLC/HQ4307-200
Tacos de fútbol para terrenos múltiples de corte low,"https://static.nike.com/a/images/t_web_pw_592_v2/f_auto/u_9ddf04c7-2a9a-4d76-add1-d15af8f0263d,c_scale,fl_relative,w_1.0,h_1.0,fl_layer_apply/a54d96b6-59ac-4267-a2b5-0ff740235fd1/TIEMPO+MAESTRO+CLUB+FG%2FMG.png",Nike Tiempo Maestro Club,"$1,499",https://www.nike.com/mx/t/tacos-de-futbol-de-corte-low-para-terrenos-multiples-nike-tiempo-maestro-club-x0NRDH9p/IB1602-100
Tenis para hombre,"https://static.nike.com/a/images/t_web_pw_592_v2/f_auto/u_9ddf04c7-2a9a-4d76-add1-d15af8f0263d,c_scale,fl_relative,w_1.0,h_1.0,fl_layer_apply/5f473d7a-5a89-4836-ac38-55cf2a890a78/AIR+FORCE+1+%2707+LX.png",Nike Air Force 1 '07 LX,"$3,099",https://www.nike.com/mx/t/tenis-para-hombre-nike-air-force-1-07-lx-7tNBDY3v/IW1256-299
Tenis para hombre,"https://static.nike.com/a/images/t_web_pw_592_v2/f_auto/u_9ddf04c7-2a9a-4d76-add1-d15af8f0263d,c_scale,fl_relative,w_1.0,h_1.0,fl_layer_apply/4c7f3376-47b2-4548-a5f3-0a605d5d80fa/NIKE+24.7+SNEAKER.png",Nike 24.7,"$3,299",https://www.nike.com/mx/t/tenis-para-hombre-nike-24-7-T3fl3cYO/IR0447-001
Tenis para antes del partido para hombre,"https://static.nike.com/a/images/t_web_pw_592_v2/f_auto/u_9ddf04c7-2a9a-4d76-add1-d15af8f0263d,c_scale,fl_relative,w_1.0,h_1.0,fl_layer_apply/c9ab44aa-3724-406a-8b07-c1ad1f2dc4d2/NIKE+MIND+002.png",Nike Mind 002,"$3,299",https://www.nike.com/mx/t/tenis-para-antes-del-partido-nike-mind-002-para-hombre-nhN263EI/HQ4308-300
Tacos de fútbol para terrenos múltiples,"https://static.nike.com/a/images/t_web_pw_592_v2/f_auto/u_9ddf04c7-2a9a-4d76-add1-d15af8f0263d,c_scale,fl_relative,w_1.0,h_1.0,fl_layer_apply/d7add534-0a9b-4c41-ac9c-e798490fe6b1/PHANTOM+6+LOW+ACAD+FG%2FMG.png",Nike Phantom 6 Low Academy,"$2,199",https://www.nike.com/mx/t/tacos-de-futbol-para-terrenos-multiples-nike-phantom-6-low-academy-7BwrSqKA/HJ4564-600
Tacos de fútbol para terreno firme,"https://static.nike.com/a/images/t_web_pw_592_v2/f_auto/u_9ddf04c7-2a9a-4d76-add1-d15af8f0263d,c_scale,fl_relative,w_1.0,h_1.0,fl_layer_apply/37cfef8e-8b11-4aa0-969b-d9fbbab6185c/PHANTOM+6+HIGH+ELITE+FG.png",Nike Phantom 6 High Elite,"$6,399",https://www.nike.com/mx/t/tacos-de-futbol-para-terreno-firme-nike-phantom-6-high-elite-TnPdDa4y/HJ2147-600
Tacos de futbol para terreno firme de corte high,"https://static.nike.com/a/images/t_web_pw_592_v2/f_auto/u_9ddf04c7-2a9a-4d76-add1-d15af8f0263d,c_scale,fl_relative,w_1.0,h_1.0,fl_layer_apply/1dcc9cca-39b5-4463-8af4-94b5a9ec2961/ZM+SUPERFLY+11+ELITE+FG+KM.png","Nike Mercurial Superfly 11 Elite ""Kylian Mbappé""","$7,599",https://www.nike.com/mx/t/tacos-de-futbol-para-terreno-firme-de-corte-high-nike-mercurial-superfly-11-elite-kylian-mbappe-lf3rsWD5/IO3791-701
Tenis de skateboarding,"https://static.nike.com/a/images/t_web_pw_592_v2/f_auto/u_9ddf04c7-2a9a-4d76-add1-d15af8f0263d,c_scale,fl_relative,w_1.0,h_1.0,fl_layer_apply/d50ef7d6-24cf-477d-aa27-b0211f074a87/NIKE+SB+ZOOM+BLAZER+MID.png",Nike SB Zoom Blazer Mid,"$2,199",https://www.nike.com/mx/t/tenis-de-skateboarding-nike-sb-zoom-blazer-mid-1yGp8eiO/IO0667-400
Tacos de futbol para pasto sintético (turf) de corte high,"https://static.nike.com/a/images/t_web_pw_592_v2/f_auto/u_9ddf04c7-2a9a-4d76-add1-d15af8f0263d,c_scale,fl_relative,w_1.0,h_1.0,fl_layer_apply/81dca9e9-4bc4-4162-9519-5e26eda94b8b/SUPERFLY+11+ACADEMY+TF+KM.png","Nike Mercurial Superfly 11 Academy ""Kylian Mbappé""","$2,599",https://www.nike.com/mx/t/tacos-de-futbol-para-pasto-sintetico-turf-de-corte-high-nike-mercurial-superfly-11-academy-kylian-mbappe-viEOlZ8i/IR0787-701
Tacos de futbol para terreno firme de corte low,"https://static.nike.com/a/images/t_web_pw_592_v2/f_auto/u_9ddf04c7-2a9a-4d76-add1-d15af8f0263d,c_scale,fl_relative,w_1.0,h_1.0,fl_layer_apply/34c9282e-7840-40e6-9eb7-60006ecc1088/ZM+SUPERFLY+11+PRO+FG.png",Nike Mercurial Superfly 11 Pro,"$4,599",https://www.nike.com/mx/t/tacos-de-futbol-para-terreno-firme-de-corte-low-nike-mercurial-superfly-11-pro-lOF8XrQ9/IF8509-100
Tacos de futbol para terrenos múltiples de corte high,"https://static.nike.com/a/images/t_web_pw_592_v2/f_auto/u_9ddf04c7-2a9a-4d76-add1-d15af8f0263d,c_scale,fl_relative,w_1.0,h_1.0,fl_layer_apply/e30b3b1b-19f8-48e3-b145-a4656ffc3b3c/SUPERFLY+11+ACADEMY+FG%2FMG+KM.png","Nike Mercurial Superfly 11 Academy ""Kylian Mbappé""","$2,599",https://www.nike.com/mx/t/tacos-de-futbol-para-terrenos-multiples-de-corte-high-nike-mercurial-superfly-11-academy-kylian-mbappe-YG3toogM/IO5000-701
Tacos de futbol para terrenos múltiples de corte low,"https://static.nike.com/a/images/t_web_pw_592_v2/f_auto/u_9ddf04c7-2a9a-4d76-add1-d15af8f0263d,c_scale,fl_relative,w_1.0,h_1.0,fl_layer_apply/bd75c14a-9b62-4fc3-8d63-a9be3d8689ae/VAPOR+17+CLUB+FG%2FMG.png",Nike Mercurial Vapor 17 Club,"$1,699",https://www.nike.com/mx/t/tacos-de-futbol-para-terrenos-multiples-de-corte-low-nike-mercurial-vapor-17-club-z8LSRJhn/IM0357-600
Tacos de futbol de corte low para cancha en interiores,"https://static.nike.com/a/images/t_web_pw_592_v2/f_auto/u_9ddf04c7-2a9a-4d76-add1-d15af8f0263d,c_scale,fl_relative,w_1.0,h_1.0,fl_layer_apply/ab8e862c-f8d8-4f16-a88e-c26de4f19137/VAPOR+17+CLUB+IC.png",Nike Mercurial Vapor 17 Club,"$1,699",https://www.nike.com/mx/t/tacos-de-futbol-para-cancha-cubierta-de-corte-low-nike-mercurial-vapor-17-club-NDAoYCnD/IM5964-600
Tenis para hombre,"https://static.nike.com/a/images/t_web_pw_592_v2/f_auto/u_126ab356-44d8-4a06-89b4-fcdcc8df0245,c_scale,fl_relative,w_1.0,h_1.0,fl_layer_apply/52388c3f-04cc-4058-b9c9-cc8584ca28de/AIR+JORDAN+1+LOW+SE.png",Air Jordan 1 Low SE,"$3,299",https://www.nike.com/mx/t/tenis-para-hombre-air-jordan-1-low-se-89ZHOU1x/IO2047-001
Tenis para hombre,"https://static.nike.com/a/images/t_web_pw_592_v2/f_auto/u_9ddf04c7-2a9a-4d76-add1-d15af8f0263d,c_scale,fl_relative,w_1.0,h_1.0,fl_layer_apply/f79ec957-8456-4b91-b8d0-66c7c2938660/AIR+FORCE+1+LOW+PROTRO.png",Nike Air Force 1 Low Protro,"$3,599",https://www.nike.com/mx/t/tenis-para-hombre-nike-air-force-1-low-protro-ysdHI1aH/IQ3921-100
Tacos de fútbol para terreno firme,"https://static.nike.com/a/images/t_web_pw_592_v2/f_auto/u_9ddf04c7-2a9a-4d76-add1-d15af8f0263d,c_scale,fl_relative,w_1.0,h_1.0,fl_layer_apply/93ca63af-7800-4555-9e6e-4d73eb6fbf20/PHANTOM+6+LOW+PRO+FG.png",Nike Phantom 6 Low Pro,"$3,699",https://www.nike.com/mx/t/tacos-de-futbol-para-terreno-firme-nike-phantom-6-low-pro-qIrBoqfh/HJ4122-600
Tenis de básquetbol,"https://static.nike.com/a/images/t_web_pw_592_v2/f_auto/u_126ab356-44d8-4a06-89b4-fcdcc8df0245,c_scale,fl_relative,w_1.0,h_1.0,fl_layer_apply/b97637b5-37ba-4219-b198-4b3f62620c89/JORDAN+LUKA+77.png",Luka 77,"$2,299",https://www.nike.com/mx/t/tenis-de-basquetbol-luka-77-qE11RLcf/IF1610-103
Tenis para hombre,"https://static.nike.com/a/images/t_web_pw_592_v2/f_auto/u_9ddf04c7-2a9a-4d76-add1-d15af8f0263d,c_scale,fl_relative,w_1.0,h_1.0,fl_layer_apply/b51be173-41e5-4430-a9c5-85fd90b8fc08/TOTAL+90.png",Nike Total 90,"$2,599",https://www.nike.com/mx/t/tenis-para-hombre-nike-total-90-eWRUjEkQ/HQ2851-102
Tenis de básquetbol,"https://static.nike.com/a/images/t_web_pw_592_v2/f_auto/u_9ddf04c7-2a9a-4d76-add1-d15af8f0263d,c_scale,fl_relative,w_1.0,h_1.0,fl_layer_apply/1113ea61-6dd7-4f78-9313-f6b55eac9c5a/LEBRON+XXIII+PER.png",LeBron XXIII,"$4,599",https://www.nike.com/mx/t/tenis-de-basquetbol-lebron-xxiii-h9nMpSuE/IM5125-400
Tenis para hombre,"https://static.nike.com/a/images/t_web_pw_592_v2/f_auto/u_9ddf04c7-2a9a-4d76-add1-d15af8f0263d,c_scale,fl_relative,w_1.0,h_1.0,fl_layer_apply/08bdfd1f-cbfe-4935-aa51-d21e1cfce281/NIKE+BLAZY.png",Nike Blazy,"$2,099",https://www.nike.com/mx/t/tenis-para-hombre-nike-blazy-90FHTyWP/IM2523-100
Tenis de básquetbol,"https://static.nike.com/a/images/t_web_pw_592_v2/f_auto/u_126ab356-44d8-4a06-89b4-fcdcc8df0245,c_scale,fl_relative,w_1.0,h_1.0,fl_layer_apply/8763a508-7881-4d8f-86be-5acf7f7ffeba/JORDAN+LUKA+5.png",Luka 5,"$3,099",https://www.nike.com/mx/t/tenis-de-basquetbol-luka-5-VqVKJpMP/HV8082-501
Tenis de básquetbol,https://static.nike.com/a/images/t_web_pw_592_v2/f_auto/e8f30e87-06e7-408a-8107-5de9de3ed45f/KOBE+X+PROTRO.png,Kobe 10 Protro,"$4,099",https://www.nike.com/mx/launch/r/IO3415-100
Tenis para hombre,"https://static.nike.com/a/images/t_web_pw_592_v2/f_auto/u_9ddf04c7-2a9a-4d76-add1-d15af8f0263d,c_scale,fl_relative,w_1.0,h_1.0,fl_layer_apply/5308dd1a-67e4-483a-aea9-4dad7acf1a43/NIKE+VOMERO+PLUS+SP.png",Nike Vomero Plus,"$3,899",https://www.nike.com/mx/t/tenis-para-hombre-nike-vomero-plus-8IPqMyPK/IV4522-200
Tenis para hombre,"https://static.nike.com/a/images/t_web_pw_592_v2/f_auto/u_9ddf04c7-2a9a-4d76-add1-d15af8f0263d,c_scale,fl_relative,w_1.0,h_1.0,fl_layer_apply/ee09a2b7-fafe-46cf-958c-1d5dd3a65516/AIR+DT+MAX+%2796+LOW.png",Nike Air DT Max ’96 Low,"$3,999",https://www.nike.com/mx/t/tenis-para-hombre-nike-air-dt-max-96-low-L2w8CUWX/IO4223-100
Tenis de básquetbol,"https://static.nike.com/a/images/t_web_pw_592_v2/f_auto/u_126ab356-44d8-4a06-89b4-fcdcc8df0245,c_scale,fl_relative,w_1.0,h_1.0,fl_layer_apply/d93eca72-54db-43ec-becd-6c0b6e1e5a47/JORDAN+LUKA+5+GHOST.png","Luka 5 ""Ghost""","$3,099",https://www.nike.com/mx/t/tenis-de-basquetbol-luka-5-ghost-vbRZTnnl/IO5029-100
Tenis para hombre,"https://static.nike.com/a/images/t_web_pw_592_v2/f_auto/u_9ddf04c7-2a9a-4d76-add1-d15af8f0263d,c_scale,fl_relative,w_1.0,h_1.0,fl_layer_apply/5d4a75e1-c9c8-47f4-84bf-90d043c632ab/AIR+MAX+GOADOME+LOW+SP.png",Nike Air Max Goadome Low SP,"$3,999",https://www.nike.com/mx/t/tenis-para-hombre-nike-air-max-goadome-low-sp-xCQSN51t/IQ0641-001
Tenis de correr en pavimento para hombre,"https://static.nike.com/a/images/t_web_pw_592_v2/f_auto/u_9ddf04c7-2a9a-4d76-add1-d15af8f0263d,c_scale,fl_relative,w_1.0,h_1.0,fl_layer_apply/6fba97f8-aa5a-4821-8dd7-a22907e6ed8d/NIKE+VOMERO+PRM+QS.png",Nike Vomero Premium,"$5,099",https://www.nike.com/mx/t/tenis-de-correr-en-pavimento-para-hombre-nike-vomero-premium-sTSb72KF/IR2168-003
Tenis para hombre,"https://static.nike.com/a/images/t_web_pw_592_v2/f_auto/u_9ddf04c7-2a9a-4d76-add1-d15af8f0263d,c_scale,fl_relative,w_1.0,h_1.0,fl_layer_apply/9a193c06-0fbe-4a5a-be05-abaa7119e15e/NIKE+COURT+VISION+LO+FL.png",Nike Court Vision Low FL,"$1,899",https://www.nike.com/mx/t/tenis-para-hombre-nike-court-vision-low-fl-0oopqAGj/IO7727-002
Tenis para hombre,https://static.nike.com/a/images/t_web_pw_592_v2/f_auto/462e7c61-027c-469c-a6e6-a3222bfdefd7/NIKE+AIR+MAX+95+BB+AB.png,Nike Air Max 95 Big Bubble x Aya Brown,"$3,899",https://www.nike.com/mx/launch/r/IQ6687-300
Tenis de correr en pavimento para hombre,"https://static.nike.com/a/images/t_web_pw_592_v2/f_auto/u_9ddf04c7-2a9a-4d76-add1-d15af8f0263d,c_scale,fl_relative,w_1.0,h_1.0,fl_layer_apply/ba2ab3da-0d91-4ebf-8dc0-b6e858b3bcd8/NIKE+RUN+DEFY.png",Nike Run Defy,"$1,499",https://www.nike.com/mx/t/tenis-de-correr-en-pavimento-para-hombre-nike-run-defy-mqf9MhWw/HM9594-004
Tenis para mujer,"https://static.nike.com/a/images/t_web_pw_592_v2/f_auto/u_9ddf04c7-2a9a-4d76-add1-d15af8f0263d,c_scale,fl_relative,w_1.0,h_1.0,fl_layer_apply/fe247f74-c227-4bf0-838a-63cf54e33e66/REJUVEN8+RUN+OG.png",Nike Rejuven8 Run OG,"$3,299",https://www.nike.com/mx/t/tenis-para-mujer-nike-rejuven8-run-og-SUlDyMpA/IW1263-999
Tenis de entrenamiento para hombre,"https://static.nike.com/a/images/t_web_pw_592_v2/f_auto/u_9ddf04c7-2a9a-4d76-add1-d15af8f0263d,c_scale,fl_relative,w_1.0,h_1.0,fl_layer_apply/0b7e4aae-3c95-480a-ad91-85128091a934/M+NIKE+MC+TRAINER+4.png",Nike MC Trainer 4,"$1,899",https://www.nike.com/mx/t/tenis-de-entrenamiento-para-hombre-nike-mc-trainer-4-0tLJCXzL/IM3575-002
Tenis de básquetbol,"https://static.nike.com/a/images/t_web_pw_592_v2/f_auto/u_9ddf04c7-2a9a-4d76-add1-d15af8f0263d,c_scale,fl_relative,w_1.0,h_1.0,fl_layer_apply/4a2d056a-4614-41dc-9d3c-4fe4ee8a122a/AIR+ZOOM+G.T.+CUT+ACADEMY+2.png",Nike G.T. Cut Academy 2,"$2,099",https://www.nike.com/mx/t/tenis-de-basquetbol-nike-gt-cut-academy-2-1KyAUXOP/HV9774-004
Tenis de entrenamiento para hombre,"https://static.nike.com/a/images/t_web_pw_592_v2/f_auto/u_9ddf04c7-2a9a-4d76-add1-d15af8f0263d,c_scale,fl_relative,w_1.0,h_1.0,fl_layer_apply/da6da083-72e9-4d46-a1ae-2cfbf4edabc5/M+NIKE+HYBRID+RN.png",Nike Hybrid RN,"$3,099",https://www.nike.com/mx/t/tenis-de-entrenamiento-para-hombre-nike-hybrid-rn-RjF0jgPf/IV5066-101
Tenis de carrera en pavimento para hombre,"https://static.nike.com/a/images/t_web_pw_592_v2/f_auto/u_9ddf04c7-2a9a-4d76-add1-d15af8f0263d,c_scale,fl_relative,w_1.0,h_1.0,fl_layer_apply/3c14f71e-c017-4bc8-a940-43ad9aebde09/ZOOM+FLY+6.png",Nike Zoom Fly 6,"$3,999",https://www.nike.com/mx/t/tenis-de-carrera-en-pavimento-para-hombre-nike-zoom-fly-6-UXWFJzWq/FN8454-404
Tenis para hombre,https://static.nike.com/a/images/t_web_pw_592_v2/f_auto/2e555458-056e-427b-bb1d-be07ddae0c1b/SB+ZOOM+TENNIS+CLASSIC+QS+RSV.png,Nike SB Zoom Tennis Classic x Rassvet,"$2,599",https://www.nike.com/mx/launch/r/IO9846-400
Tenis de correr en pavimento para hombre,"https://static.nike.com/a/images/t_web_pw_592_v2/f_auto/u_9ddf04c7-2a9a-4d76-add1-d15af8f0263d,c_scale,fl_relative,w_1.0,h_1.0,fl_layer_apply/b75f70b1-efef-4b06-958d-5ede41f53630/NIKE+STRUCTURE+PLUS+ESS.png",Nike Structure Plus,"$3,699",https://www.nike.com/mx/t/tenis-de-correr-en-pavimento-para-hombre-nike-structure-plus-cL9kl27F/IM8337-200
Tenis de skateboarding para hombre,"https://static.nike.com/a/images/t_web_pw_592_v2/f_auto/u_9ddf04c7-2a9a-4d76-add1-d15af8f0263d,c_scale,fl_relative,w_1.0,h_1.0,fl_layer_apply/5c7b9a33-fae9-44d2-941d-8a73d09ec701/NIKE+SB+DUNK+LOW+PRO+WC.png",Nike SB Dunk Low Pro,"$2,999",https://www.nike.com/mx/t/tenis-de-skateboarding-para-hombre-nike-sb-dunk-low-pro-hXr9zrPz/IO0427-300
Tenis de correr en pavimento para hombre,"https://static.nike.com/a/images/t_web_pw_592_v2/f_auto/u_9ddf04c7-2a9a-4d76-add1-d15af8f0263d,c_scale,fl_relative,w_1.0,h_1.0,fl_layer_apply/0b56d324-42dc-491a-b97a-ca2c1e6f3ce7/NIKE+STRUCTURE+26.png",Nike Structure 26,"$3,499",https://www.nike.com/mx/t/tenis-de-correr-en-pavimento-para-hombre-nike-structure-26-hzLrunqZ/IW2350-210
Tenis para hombre,"https://static.nike.com/a/images/t_web_pw_592_v2/f_auto/u_126ab356-44d8-4a06-89b4-fcdcc8df0245,c_scale,fl_relative,w_1.0,h_1.0,fl_layer_apply/cb5b6d74-174f-45bd-b433-1b53c0f72e11/AIR+JORDAN+3+RETRO+LASER.png","Air Jordan 3 Retro ""Laser""","$4,499",https://www.nike.com/mx/launch/r/JA1369-001
Tenis para hombre,"https://static.nike.com/a/images/t_web_pw_592_v2/f_auto/u_9ddf04c7-2a9a-4d76-add1-d15af8f0263d,c_scale,fl_relative,w_1.0,h_1.0,fl_layer_apply/88b13d75-050f-44f8-9d23-e5031b906d34/TENNIS+CLASSIC+CS+STYLE.png",Nike Tennis Classic,"$2,399",https://www.nike.com/mx/t/tenis-para-hombre-nike-tennis-classic-KhBdkOoH/IV2436-400
Chanclas para hombre,"https://static.nike.com/a/images/t_web_pw_592_v2/f_auto/u_9ddf04c7-2a9a-4d76-add1-d15af8f0263d,c_scale,fl_relative,w_1.0,h_1.0,fl_layer_apply/776bcc36-978c-4fd1-ab4f-ee9199d07656/NIKE+MARINA.png",Nike Marina,$799,https://www.nike.com/mx/t/chanclas-para-hombre-nike-marina-IMKyXJl6/IH2380-200
Tenis para hombre,"https://static.nike.com/a/images/t_web_pw_592_v2/f_auto/u_9ddf04c7-2a9a-4d76-add1-d15af8f0263d,c_scale,fl_relative,w_1.0,h_1.0,fl_layer_apply/e8e6a8a8-4478-4def-969f-cc975a4ec206/NIKE+ASTROGRABBER+LTHR+SE.png",Tenis Nike Astrograbber Leather SE,"$2,999",https://www.nike.com/mx/t/tenis-para-hombre-nike-astrograbber-leather-se-sGXyto0p/IW1242-009
Tenis para hombre,"https://static.nike.com/a/images/t_web_pw_592_v2/f_auto/u_126ab356-44d8-4a06-89b4-fcdcc8df0245,c_scale,fl_relative,w_1.0,h_1.0,fl_layer_apply/19f14560-bd94-4272-ab43-c8feda5eb928/AIR+JORDAN+1+RETRO+LOW+OG+LS.png","Air Jordan 1 Low OG ""Laser""","$3,699",https://www.nike.com/mx/launch/r/IV6750-001
Tenis de carrera en pavimento,"https://static.nike.com/a/images/t_web_pw_592_v2/f_auto/u_9ddf04c7-2a9a-4d76-add1-d15af8f0263d,c_scale,fl_relative,w_1.0,h_1.0,fl_layer_apply/e1349aee-65ce-4300-ba04-bc77d24a2bff/ZOOMX+STREAKFLY+2.png",Nike Streakfly 2,"$4,199",https://www.nike.com/mx/t/tenis-de-carrera-en-pavimento-nike-streakfly-2-eW7mLFzy/HF6416-601
Tenis de carrera en pavimento para hombre,"https://static.nike.com/a/images/t_web_pw_592_v2/f_auto/u_9ddf04c7-2a9a-4d76-add1-d15af8f0263d,c_scale,fl_relative,w_1.0,h_1.0,fl_layer_apply/81a49344-868f-48fb-b64e-6b9047034cc4/ZOOMX+VAPORFLY+NEXT%25+4+FK.png",Nike Vaporfly 4,"$5,999",https://www.nike.com/mx/t/tenis-de-carrera-en-pavimento-para-hombre-nike-vaporfly-4-sR3FaDYB/IM8203-400
Tenis de tenis para cancha dura para hombre,"https://static.nike.com/a/images/t_web_pw_592_v2/f_auto/u_9ddf04c7-2a9a-4d76-add1-d15af8f0263d,c_scale,fl_relative,w_1.0,h_1.0,fl_layer_apply/40f59818-f03c-42ff-8607-992a35d7e42c/M+VAPOR+LITE+3+HC.png",Nike Vapor Lite 3,"$2,099",https://www.nike.com/mx/t/tenis-de-tenis-para-cancha-dura-para-hombre-nike-vapor-lite-3-eOL3RAth/FZ2155-003
Tenis para hombre,https://static.nike.com/a/images/t_web_pw_592_v2/f_auto/0bddb38e-fe6b-4a89-9163-a5a7f65cd0a5/AIR+FORCE+1+QS.png,Nike Air Force 1,"$3,099",https://www.nike.com/mx/launch/r/IR1940-800
Tenis para hombre,"https://static.nike.com/a/images/t_web_pw_592_v2/f_auto/u_126ab356-44d8-4a06-89b4-fcdcc8df0245,c_scale,fl_relative,w_1.0,h_1.0,fl_layer_apply/a01447f6-0ff6-4dac-9566-e1a41d37cbf3/AIR+JORDAN+4+RETRO.png","Air Jordan 4 Retro ""Rare Air""","$4,599",https://www.nike.com/mx/launch/r/IO2463-102
Tenis de golf,"https://static.nike.com/a/images/t_web_pw_592_v2/f_auto/u_9ddf04c7-2a9a-4d76-add1-d15af8f0263d,c_scale,fl_relative,w_1.0,h_1.0,fl_layer_apply/b018a25a-b7e2-4f8a-bfee-35ddb3549d16/NIKE+TEMPO+G.png",Nike Tempo G,"$3,249",https://www.nike.com/mx/t/tenis-de-golf-nike-tempo-g-B66Rf0uC/IH0361-100
Tacos de fútbol de corte low para terreno firme,"https://static.nike.com/a/images/t_web_pw_592_v2/f_auto/u_9ddf04c7-2a9a-4d76-add1-d15af8f0263d,c_scale,fl_relative,w_1.0,h_1.0,fl_layer_apply/78197101-8891-466a-b633-2fe785215c08/TIEMPO+LIGERA+PRO+FG.png",Nike Tiempo Ligera Pro,"$3,499",https://www.nike.com/mx/t/tacos-de-futbol-de-corte-low-nike-tiempo-ligera-pro-para-terreno-firme-9bgVAHGe/HQ3158-102
Tenis para hombre,"https://static.nike.com/a/images/t_web_pw_592_v2/f_auto/u_9ddf04c7-2a9a-4d76-add1-d15af8f0263d,c_scale,fl_relative,w_1.0,h_1.0,fl_layer_apply/70f890c8-8f7b-4294-a581-eda9076793b9/AIR+FORCE+1+LOW+RETRO+PRM+ESS.png",Nike Air Force 1 Low Retro Premium,"$3,399",https://www.nike.com/mx/t/tenis-para-hombre-nike-air-force-1-low-retro-premium-JwitXWiJ/IM5755-700
Tacos de futbol para terrenos múltiples de corte low,"https://static.nike.com/a/images/t_web_pw_592_v2/f_auto/u_9ddf04c7-2a9a-4d76-add1-d15af8f0263d,c_scale,fl_relative,w_1.0,h_1.0,fl_layer_apply/deef3c4e-2d5f-43fe-bf34-c493064e3363/VAPOR+17+ACADEMY+FG%2FMG.png",Nike Mercurial Vapor 17 Academy,"$2,399",https://www.nike.com/mx/t/tacos-de-futbol-para-terrenos-multiples-de-corte-low-nike-mercurial-vapor-17-academy-EKpmxvWI/IF8517-600
Tenis de golf,"https://static.nike.com/a/images/t_web_pw_592_v2/f_auto/u_126ab356-44d8-4a06-89b4-fcdcc8df0245,c_scale,fl_relative,w_1.0,h_1.0,fl_layer_apply/1bc1811c-9b87-463d-afc1-42b5a700f47a/JORDAN+SPIZIKE+G.png",Jordan Spizike G,"$4,749",https://www.nike.com/mx/t/tenis-de-golf-jordan-spizike-g-jmTggZz9/HQ4365-103
Tenis de carrera en pavimento para hombre,"https://static.nike.com/a/images/t_web_pw_592_v2/f_auto/u_9ddf04c7-2a9a-4d76-add1-d15af8f0263d,c_scale,fl_relative,w_1.0,h_1.0,fl_layer_apply/5a90fe9f-c34c-4460-b856-a06d435a7256/AIR+ZOOM+ALPHAFLY+NEXT%25+3.png",Nike Alphafly 3,"$6,499",https://www.nike.com/mx/t/tenis-de-carrera-en-pavimento-para-hombre-nike-alphafly-3-SvF5rm/FD8311-402
Tenis de básquetbol personalizables,"https://static.nike.com/a/images/t_web_pw_592_v2/f_auto/u_9ddf04c7-2a9a-4d76-add1-d15af8f0263d,c_scale,fl_relative,w_1.0,h_1.0,fl_layer_apply/a7e18553-12d1-4374-a874-5487216c8a21/SABRINA+4+NBY.png",Sabrina 4 By You,"$3,999",https://www.nike.com/mx/u/custom-sabrina-4-by-you-10002388/2613372834
Tenis de básquetbol personalizables A'ja Wilson,"https://static.nike.com/a/images/t_web_pw_592_v2/f_auto/u_9ddf04c7-2a9a-4d76-add1-d15af8f0263d,c_scale,fl_relative,w_1.0,h_1.0,fl_layer_apply/7a5c5b67-f965-44e5-873b-c347e8c9e604/A%27TWO+NBY.png",A'Two By You,"$3,899",https://www.nike.com/mx/u/custom-nike-atwo-by-you-10002350/9640447097
