nombre,etiqueta,categoria,precio,url,imagen
Nike Club Fleece,,Joggers de French Terry para niño talla grande,$949,https://www.nike.com/mx/t/joggers-de-french-terry-para-ninos-talla-grande-nike-club-fleece-gx7R2t/FD3019-010,https://static.nike.com/a/images/t_web_pw_592_v2/f_auto/e26734db-823d-4bb4-86fa-684269f15afe/K+NSW+CLUB+FT+JGGR+LBR.png
Nike Multi Refresh,,Playera para niño talla grande,$649,https://www.nike.com/mx/t/playera-para-nino-talla-grande-nike-multi-refresh-bNm4zTcG/IO0737-010,"https://static.nike.com/a/images/t_web_pw_592_v2/f_auto/u_9ddf04c7-2a9a-4d76-add1-d15af8f0263d,c_scale,fl_relative,w_1.0,h_1.0,fl_layer_apply/0bfd4784-a6b9-44d9-9aed-11d05ba225a9/B+NK+MULTI+REFRESH+TOP.png"
Jordan,,Pants camuflajeados Brooklyn Realtree para niños talla grande,"$1,499",https://www.nike.com/mx/t/pants-camuflajeados-jordan-brooklyn-realtree-para-ninos-talla-grande-dHjUDdLv/IZ7732-123,"https://static.nike.com/a/images/t_web_pw_592_v2/f_auto/u_126ab356-44d8-4a06-89b4-fcdcc8df0245,c_scale,fl_relative,w_1.0,h_1.0,fl_layer_apply/650326e5-7fd5-40ac-b4e6-60fbbcbd29f2/JDG+MJ+BRK+RLT+CAMO+PANT.png"
Jordan,,Chamarra Brooklyn acolchada con gráfico para niños talla grande,"$3,499",https://www.nike.com/mx/t/chamarra-brooklyn-acolchada-con-grafico-para-ninos-talla-grande-jordan-tHzzEeik/IZ7522-010,"https://static.nike.com/a/images/t_web_pw_592_v2/f_auto/u_126ab356-44d8-4a06-89b4-fcdcc8df0245,c_scale,fl_relative,w_1.0,h_1.0,fl_layer_apply/d127629c-bd22-46fd-96cf-1a38cbc739bd/JDN+BROOKLYN+GFX+PUFFER.png"
Jordan,,Joggers de tejido Fleece Jumpman Air para niños talla grande,"$1,359",https://www.nike.com/mx/t/pantalones-deportivos-de-tejido-fleece-jordan-jumpman-air-para-ninos-talla-grande-WAWrWJjl/IZ7370-010,"https://static.nike.com/a/images/t_web_pw_592_v2/f_auto/u_126ab356-44d8-4a06-89b4-fcdcc8df0245,c_scale,fl_relative,w_1.0,h_1.0,fl_layer_apply/379bfca6-cebb-4d2f-9854-70fd73e2ea58/JDB+MJ+JUMPMAN+AIR+FLC+JOGGER.png"
Nike Multi Refresh,,Playera para niño talla grande,$649,https://www.nike.com/mx/t/playera-para-nino-talla-grande-nike-multi-refresh-bNm4zTcG/IO0737-372,"https://static.nike.com/a/images/t_web_pw_592_v2/f_auto/u_9ddf04c7-2a9a-4d76-add1-d15af8f0263d,c_scale,fl_relative,w_1.0,h_1.0,fl_layer_apply/cdc724ff-c52f-4b1a-b03c-fc8268fdac8b/B+NK+MULTI+REFRESH+TOP.png"
Nike Multi Refresh,,Shorts para niños talla grande,$649,https://www.nike.com/mx/t/shorts-para-ninos-talla-grande-nike-multi-refresh-nb4kpJbL/IO0736-372,"https://static.nike.com/a/images/t_web_pw_592_v2/f_auto/u_9ddf04c7-2a9a-4d76-add1-d15af8f0263d,c_scale,fl_relative,w_1.0,h_1.0,fl_layer_apply/9a9cb062-a829-486e-8784-d4a0aa7d8d37/B+NK+MULTI+REFRESH+SHORT.png"
Jordan,,Playera Brooklyn Auto '84 para niños talla grande,$799,https://www.nike.com/mx/t/playera-brooklyn-auto-84-para-ninos-talla-grande-jordan-n6VIqM9S/IZ7414-010,"https://static.nike.com/a/images/t_web_pw_592_v2/f_auto/u_126ab356-44d8-4a06-89b4-fcdcc8df0245,c_scale,fl_relative,w_1.0,h_1.0,fl_layer_apply/04984133-5ddb-4a92-bb00-77e25d01a806/JDB+MJ+BRK+S+AUTO+85+SS+TEE.png"
Jordan,,Shorts de French Terry con efecto lavado Brooklyn para niños talla pequeña,"$1,099",https://www.nike.com/mx/t/shorts-de-french-terry-con-efecto-lavado-brooklyn-para-ninos-talla-pequena-jordan-LoUykogi/IW2155-247,"https://static.nike.com/a/images/t_web_pw_592_v2/f_auto/u_126ab356-44d8-4a06-89b4-fcdcc8df0245,c_scale,fl_relative,w_1.0,h_1.0,fl_layer_apply/60491363-d0c9-4395-936b-d75c37e19e60/JDB+MJ+BROOLYN+WASH+FT+SHORT.png"
Jordan,,Sudadera de cuello redondo French Terry para niños talla grande Brooklyn,"$1,199",https://www.nike.com/mx/t/sudadera-de-cuello-redondo-jordan-para-ninos-talla-grande-french-terry-bwtNN4sW/IZ7393-010,"https://static.nike.com/a/images/t_web_pw_592_v2/f_auto/u_126ab356-44d8-4a06-89b4-fcdcc8df0245,c_scale,fl_relative,w_1.0,h_1.0,fl_layer_apply/a5d535b9-2e0b-4ffb-a099-0e0e2bdb83e7/JDB+BROOKLYN+F+ST+CREW.png"
Nike Mavn,,Chaleco STORM-FIT para niña,"$2,099",https://www.nike.com/mx/t/chaleco-storm-fit-para-nina-nike-mavn-7p66p25n/IQ0049-236,"https://static.nike.com/a/images/t_web_pw_592_v2/f_auto/u_9ddf04c7-2a9a-4d76-add1-d15af8f0263d,c_scale,fl_relative,w_1.0,h_1.0,fl_layer_apply/9d4b15b8-c027-4765-8fb9-203a81b23ec4/G+NK+MAVN+SF+FILLED+VEST.png"
Nike Mavn,,Playera de manga larga Dri-FIT de canalé para niña,$899,https://www.nike.com/mx/t/playera-de-manga-larga-acanalada-dri-fit-para-nina-nike-mavn-bpc70iyA/IM1761-236,"https://static.nike.com/a/images/t_web_pw_592_v2/f_auto/u_9ddf04c7-2a9a-4d76-add1-d15af8f0263d,c_scale,fl_relative,w_1.0,h_1.0,fl_layer_apply/883e7f67-d381-4219-b7ad-ec495faf2975/G+NK+MAVN+DF+RIBBED+LS+TOP.png"
Jordan,,Shorts de French Terry con efecto lavado Brooklyn para niños talla grande,"$1,199",https://www.nike.com/mx/t/shorts-de-french-terry-con-efecto-lavado-brooklyn-para-ninos-talla-grande-jordan-f8V1facq/IW8500-234,"https://static.nike.com/a/images/t_web_pw_592_v2/f_auto/u_126ab356-44d8-4a06-89b4-fcdcc8df0245,c_scale,fl_relative,w_1.0,h_1.0,fl_layer_apply/c4795446-74d5-43a1-a4e7-b451896fb04e/JDB+MJ+BROOLYN+WASH+FT+SHORT.png"
Jordan,,Calcetas Baseline para niños (3 pares),$449,https://www.nike.com/mx/t/calcetas-baseline-para-ninos-3-pares-jordan-gbtt9soX/IU5386-010,"https://static.nike.com/a/images/t_web_pw_592_v2/f_auto/u_126ab356-44d8-4a06-89b4-fcdcc8df0245,c_scale,fl_relative,w_1.0,h_1.0,fl_layer_apply/1d40071e-18ec-4dc4-92e9-4548a533cffd/JHN+BASELINE+3PK+CREW.png"
Nike Pro,,Camiseta de tirantes para niña talla grande,$849,https://www.nike.com/mx/t/camiseta-de-tirantes-para-nina-talla-grande-nike-pro-s4yXaf0X/IM3656-675,"https://static.nike.com/a/images/t_web_pw_592_v2/f_auto/u_9ddf04c7-2a9a-4d76-add1-d15af8f0263d,c_scale,fl_relative,w_1.0,h_1.0,fl_layer_apply/949a17bc-670d-471e-8b7a-e1d838987ea6/G+NP+DF+TANK+SPORT+VNR.png"
Nike Pro,,Shorts 2 en 1 para niña talla grande,$849,https://www.nike.com/mx/t/shorts-2-en-1-para-nina-talla-grande-nike-pro-4zwxp670/IM3693-675,"https://static.nike.com/a/images/t_web_pw_592_v2/f_auto/u_9ddf04c7-2a9a-4d76-add1-d15af8f0263d,c_scale,fl_relative,w_1.0,h_1.0,fl_layer_apply/6f5dc098-0e6c-4136-b1e5-76adac6a94fd/G+NP+DF+2IN1+KNT+SHRT+SPRT+VNR.png"
Nike Pro,,Bra deportivo Dri-FIT para niña talla grande,$699,https://www.nike.com/mx/t/bra-deportivo-dri-fit-para-nina-talla-grande-nike-pro-4cy9v43C/IM3695-675,"https://static.nike.com/a/images/t_web_pw_592_v2/f_auto/u_9ddf04c7-2a9a-4d76-add1-d15af8f0263d,c_scale,fl_relative,w_1.0,h_1.0,fl_layer_apply/e77541a7-3122-4138-86b7-30428b47fd89/G+NP+DF+BRA+SPORT+VNR.png"
Nike,,Conjunto infantil de leggings estampados y sudadera de cuello redondo,"$1,199",https://www.nike.com/mx/t/conjunto-infantil-de-leggings-estampados-y-sudadera-de-cuello-redondo-nike-O8RaQ9Cg/IZ7258-621,"https://static.nike.com/a/images/t_web_pw_592_v2/f_auto/u_9ddf04c7-2a9a-4d76-add1-d15af8f0263d,c_scale,fl_relative,w_1.0,h_1.0,fl_layer_apply/8bfd5d1c-b71b-4b6f-b395-0c8086240ed9/NKG+GIRLS+AOP+CREW+LEGGING+SET.png"
Nike,,Conjunto de leggings estampados y sudadera de cuello redondo para bebé (12 a 24 meses),"$1,099",https://www.nike.com/mx/t/conjunto-de-sudadera-de-cuello-redondo-y-leggings-estampados-para-bebe-nike-12-a-24-meses-CO93G9Y1/IZ7283-621,"https://static.nike.com/a/images/t_web_pw_592_v2/f_auto/u_9ddf04c7-2a9a-4d76-add1-d15af8f0263d,c_scale,fl_relative,w_1.0,h_1.0,fl_layer_apply/b9960698-c468-4a33-b13c-731fdc16080c/NKG+GIRLS+AOP+CREW+LEGGING+SET.png"
Jordan,,Sudadera con gorro sin cierre de tejido French Terry para niño talla grande,"$1,299",https://www.nike.com/mx/t/sudadera-con-gorro-sin-cierre-de-french-terry-para-ninos-talla-grande-jordan-aq76HOr4/IZ7735-661,"https://static.nike.com/a/images/t_web_pw_592_v2/f_auto/u_126ab356-44d8-4a06-89b4-fcdcc8df0245,c_scale,fl_relative,w_1.0,h_1.0,fl_layer_apply/7fefd053-1f6d-48f3-b3ed-0019cd5dc6d2/JDG+SHE%27S+AN+ALL+STAR+FT+PO+HO.png"
Nike Sportswear Studio Fleece,,Pants holgados para niña,$949,https://www.nike.com/mx/t/pants-holgados-para-nina-nike-sportswear-studio-fleece-IGu1qoDw/IM4905-654,"https://static.nike.com/a/images/t_web_pw_592_v2/f_auto/u_9ddf04c7-2a9a-4d76-add1-d15af8f0263d,c_scale,fl_relative,w_1.0,h_1.0,fl_layer_apply/23cf309f-be8c-450e-83d3-e9e5e540ec52/G+NSW+STUDIO+FLC+LOOSE+PNT+LBR.png"
Nike Sportswear Studio Fleece,,Playera con cierre de 1/4 para niña talla grande,"$1,049",https://www.nike.com/mx/t/playera-con-cierre-de-1-4-para-nina-talla-grande-nike-sportswear-studio-fleece-pFNnCnqW/IO1647-010,"https://static.nike.com/a/images/t_web_pw_592_v2/f_auto/u_9ddf04c7-2a9a-4d76-add1-d15af8f0263d,c_scale,fl_relative,w_1.0,h_1.0,fl_layer_apply/9ce6b6de-0d65-4afe-a799-c6498eddd671/G+NSW+STUDIO+QZ+TOP+GFX.png"
Nike Mavn,,Leggings de tiro alto para niña,"$1,599",https://www.nike.com/mx/t/leggings-de-tiro-alto-para-nina-nike-mavn-zxjpoDP0/IQ0005-010,"https://static.nike.com/a/images/t_web_pw_592_v2/f_auto/u_9ddf04c7-2a9a-4d76-add1-d15af8f0263d,c_scale,fl_relative,w_1.0,h_1.0,fl_layer_apply/b3cfb263-f29a-45b8-a50d-1060d0f0cd32/G+NK+MAVN+DF+HR+TGHT+FLARE.png"
Jordan,,Chamarra Draft Essential para niños talla pequeña,"$2,249",https://www.nike.com/mx/t/chamarra-draft-essential-para-ninos-talla-pequena-jordan-gbvt7Vyc/IB9019-485,"https://static.nike.com/a/images/t_web_pw_592_v2/f_auto/u_126ab356-44d8-4a06-89b4-fcdcc8df0245,c_scale,fl_relative,w_1.0,h_1.0,fl_layer_apply/fe006eb6-c3f2-4b7d-a645-39d9f65edf65/JDB+ESS+DRAFT+JACKET.png"
Jordan,,Chamarra Draft Essential para niños talla grande,"$2,349",https://www.nike.com/mx/t/chamarra-draft-essential-para-ninos-talla-grande-jordan-RNQkKOc6/IB8384-485,"https://static.nike.com/a/images/t_web_pw_592_v2/f_auto/u_126ab356-44d8-4a06-89b4-fcdcc8df0245,c_scale,fl_relative,w_1.0,h_1.0,fl_layer_apply/f314f64f-4140-4355-9388-3e45914338f2/JDB+ESS+DRAFT+JACKET.png"
Nike,,Playera infantil con gráfico de delfín,$499,https://www.nike.com/mx/t/playera-infantil-con-grafico-de-delfin-nike-kKIzhuBC/IZ8130-010,"https://static.nike.com/a/images/t_web_pw_592_v2/f_auto/u_9ddf04c7-2a9a-4d76-add1-d15af8f0263d,c_scale,fl_relative,w_1.0,h_1.0,fl_layer_apply/c6d8752c-5d27-466f-ac16-50c788bb89b8/NKG+DOLPHIN+TCOE+GFX+TEE.png"
Jordan,,Playera bordada Jumpman Air para niños talla pequeña,$499,https://www.nike.com/mx/t/playera-bordada-jumpman-air-para-ninos-talla-pequena-jordan-EA4J4JgE/HQ7474-010,"https://static.nike.com/a/images/t_web_pw_592_v2/f_auto/u_126ab356-44d8-4a06-89b4-fcdcc8df0245,c_scale,fl_relative,w_1.0,h_1.0,fl_layer_apply/869907aa-6dd7-4f38-a01d-afb8595d73c6/JDB+JUMPMAN+AIR+EMB.png"
Nike Sportswear,,Falda plisada de denim para niñas talla grande,"$1,499",https://www.nike.com/mx/t/falda-plisada-de-denim-para-ninas-talla-grande-nike-sportswear-Ie2fTkWp/IQ8272-010,"https://static.nike.com/a/images/t_web_pw_592_v2/f_auto/u_9ddf04c7-2a9a-4d76-add1-d15af8f0263d,c_scale,fl_relative,w_1.0,h_1.0,fl_layer_apply/fcd99c4e-e219-4c16-aff9-ed1444353903/G+NSW+CLN+DENIM+PLEATED+SKIRT.png"
Jordan,,Crew de French Terry Brooklyn para niños talla pequeña,"$1,099",https://www.nike.com/mx/t/crew-de-french-terry-brooklyn-para-ninos-talla-pequena-jordan-DNOYu2UO/IZ7215-010,"https://static.nike.com/a/images/t_web_pw_592_v2/f_auto/u_126ab356-44d8-4a06-89b4-fcdcc8df0245,c_scale,fl_relative,w_1.0,h_1.0,fl_layer_apply/434a9324-afdb-416a-a075-e1f0f11ce6f0/JDB+BROOKLYN+F+ST+CREW.png"
Jordan,,Shorts de malla tie-dye para niños talla grande,"$1,099",https://www.nike.com/mx/t/shorts-de-malla-tie-dye-para-ninos-talla-grande-jordan-l8MgIpfy/IW1443-068,"https://static.nike.com/a/images/t_web_pw_592_v2/f_auto/u_126ab356-44d8-4a06-89b4-fcdcc8df0245,c_scale,fl_relative,w_1.0,h_1.0,fl_layer_apply/01b7c2d8-96cc-4c45-9f68-466b736dfe91/JDB+TIE+DYE+MESH+SHORT.png"
Nike Club Fleece,,Sudadera con gorro de cierre completo de French Terry para niños talla grande,$949,https://www.nike.com/mx/t/sudadera-con-gorro-de-cierre-completo-de-french-terry-para-ninos-talla-grande-nike-club-fleece-lB2qWs/FD3017-010,https://static.nike.com/a/images/t_web_pw_592_v2/f_auto/1e8da5fe-39dc-4627-b2e6-286574970d20/K+NSW+CLUB+FT+HD+FZ+LS+LBR.png
Nike Club Chenille,,Sudadera con gorro sin cierre para niños talla pequeña,$999,https://www.nike.com/mx/t/sudadera-con-gorro-sin-cierre-para-ninos-talla-pequena-nike-club-chenille-q5Vk0MwZ/IO2772-011,"https://static.nike.com/a/images/t_web_pw_592_v2/f_auto/u_9ddf04c7-2a9a-4d76-add1-d15af8f0263d,c_scale,fl_relative,w_1.0,h_1.0,fl_layer_apply/831a5e89-89f8-42d1-8640-389298405eb3/NKN+CLUB+CHENILLE+PO+HOODY.png"
Nike Retro Remix,,Conjunto de 2 piezas con pants de pierna ancha en French Terry para niños talla pequeña,"$1,199",https://www.nike.com/mx/t/conjunto-de-2-piezas-nike-retro-remix-con-pants-de-pierna-ancha-en-french-terry-para-ninos-talla-pequena-NTylU0oS/IZ7508-010,"https://static.nike.com/a/images/t_web_pw_592_v2/f_auto/u_9ddf04c7-2a9a-4d76-add1-d15af8f0263d,c_scale,fl_relative,w_1.0,h_1.0,fl_layer_apply/4248fd78-56a8-43a8-8d1c-8dee16d6538c/NKG+RETRO+FT+WIDE+LEG+PANT+SET.png"
Nike,,Shorts Dri-FIT Tempo para niños talla pequeña,$579,https://www.nike.com/mx/t/shorts-dri-fit-tempo-para-ninos-talla-pequena-nike-IRRd6WVV/HA2860-621,"https://static.nike.com/a/images/t_web_pw_592_v2/f_auto/u_9ddf04c7-2a9a-4d76-add1-d15af8f0263d,c_scale,fl_relative,w_1.0,h_1.0,fl_layer_apply/3c1849ec-af09-442d-9639-5e7985ece063/TEMPO+SHORT.png"
Jordan Flight Fleece,Lo más vendido,Shorts para hombre,"$1,499",https://www.nike.com/mx/t/shorts-para-hombre-jordan-flight-fleece-1ZF4BLrJ/IW6374-050,"https://static.nike.com/a/images/t_web_pw_592_v2/f_auto/u_126ab356-44d8-4a06-89b4-fcdcc8df0245,c_scale,fl_relative,w_1.0,h_1.0,fl_layer_apply/fca903ec-c8d4-4b61-a7ff-0d7acae2c2ab/M+J+FLT+FLC+SHORT+LB.png"
Nike Sportswear,,Playera para hombre,$799,https://www.nike.com/mx/t/playera-para-hombre-nike-sportswear-tSK5FplV/IR6860-100,"https://static.nike.com/a/images/t_web_pw_592_v2/f_auto/u_9ddf04c7-2a9a-4d76-add1-d15af8f0263d,c_scale,fl_relative,w_1.0,h_1.0,fl_layer_apply/6172505a-ddb2-4567-bb01-38ef1bff2b74/M+NSW+TEE+FTBL+LATAM+APLA.png"
Nike Sportswear Windrunner,,Chamarra forrada para hombre,"$2,449",https://www.nike.com/mx/t/chamarra-forrada-para-hombre-nike-sportswear-windrunner-gpfZ7Oo6/IR6946-323,"https://static.nike.com/a/images/t_web_pw_592_v2/f_auto/u_9ddf04c7-2a9a-4d76-add1-d15af8f0263d,c_scale,fl_relative,w_1.0,h_1.0,fl_layer_apply/74e4c3af-e8e8-497b-ace6-3c90d424b659/M+NK+WR+LND+JKT+26+FTBL+MXCO+A.png"
Nike Strike,,Shorts de fútbol Dri-FIT para hombre,"$1,049",https://www.nike.com/mx/t/shorts-de-futbol-dri-fit-para-hombre-nike-strike-fqjdd5FL/IF1463-804,"https://static.nike.com/a/images/t_web_pw_592_v2/f_auto/u_9ddf04c7-2a9a-4d76-add1-d15af8f0263d,c_scale,fl_relative,w_1.0,h_1.0,fl_layer_apply/adab334d-8421-4d87-a913-035ed82e5c01/M+NK+DF+STRK+SHORT+KZ.png"
Nike Pro,,Camiseta de tirantes Dri-FIT para niñas talla grande,$749,https://www.nike.com/mx/t/camiseta-de-tirantes-dri-fit-para-ninas-talla-grande-nike-pro-BPcjhRgM/IF1747-480,"https://static.nike.com/a/images/t_web_pw_592_v2/f_auto/u_9ddf04c7-2a9a-4d76-add1-d15af8f0263d,c_scale,fl_relative,w_1.0,h_1.0,fl_layer_apply/cf243c95-20e2-422a-a8c2-1af36b677f20/G+NP+DF+TANK.png"
KD x NOCTA,,Shorts 2 en 1 para hombre Nike,"$1,799",https://www.nike.com/mx/t/shorts-nike-2-en-1-para-hombre-kd-x-nocta-JMXC4VDt/IM4688-341,"https://static.nike.com/a/images/t_web_pw_592_v2/f_auto/u_9ddf04c7-2a9a-4d76-add1-d15af8f0263d,c_scale,fl_relative,w_1.0,h_1.0,fl_layer_apply/55324f5b-1ecd-49a0-9ac1-024ee23d206c/M+NRG+2-IN-1+SHORT+KD.png"
Nike AeroSwift,,Shorts de correr Dri-FIT ADV de tiro medio de 8 cm con forro de ropa interior para mujer,"$1,799",https://www.nike.com/mx/t/shorts-de-correr-dri-fit-adv-de-tiro-medio-de-8-cm-con-forro-de-ropa-interior-para-mujer-nike-aeroswift-0tcvxf/FN2328-394,"https://static.nike.com/a/images/t_web_pw_592_v2/f_auto/u_9ddf04c7-2a9a-4d76-add1-d15af8f0263d,c_scale,fl_relative,w_1.0,h_1.0,fl_layer_apply/08cbae26-74eb-4400-b2e8-2830322f13fb/W+NK+ARSWFT+DFADV+MR+3IN+SHORT.png"
Nike AeroSwift,,Camiseta de tirantes de correr Dri-FIT ADV cropped para mujer,"$1,699",https://www.nike.com/mx/t/camiseta-de-tirantes-de-correr-dri-fit-adv-cropped-nike-aeroswift-RdF4Zj/FN2713-394,"https://static.nike.com/a/images/t_web_pw_592_v2/f_auto/u_9ddf04c7-2a9a-4d76-add1-d15af8f0263d,c_scale,fl_relative,w_1.0,h_1.0,fl_layer_apply/495eda13-0910-4ffa-a922-72d9ce21f40a/W+NK+ARSWFT+DFADV+CROP+TANK.png"
Jordan Sport Essentials,,Falda Dri-FIT para mujer,"$1,099",https://www.nike.com/mx/t/falda-dri-fit-para-mujer-jordan-sport-essentials-JYhhFunW/IH4565-010,"https://static.nike.com/a/images/t_web_pw_592_v2/f_auto/u_126ab356-44d8-4a06-89b4-fcdcc8df0245,c_scale,fl_relative,w_1.0,h_1.0,fl_layer_apply/2f2fa4ac-b2a5-45ce-afaf-5d38137831de/W+J+SPT+DF+HR+ESS+SKIRT.png"
Nike Sportswear,,Shorts holgados de tiro alto de ripstop ligero para mujer,"$1,249",https://www.nike.com/mx/t/shorts-holgados-de-tiro-alto-de-ripstop-ligero-para-mujer-nike-sportswear-jZgWvIr5/IF0563-407,"https://static.nike.com/a/images/t_web_pw_592_v2/f_auto/u_9ddf04c7-2a9a-4d76-add1-d15af8f0263d,c_scale,fl_relative,w_1.0,h_1.0,fl_layer_apply/c5ff4e53-c4e3-4787-80ab-e5f0c404951f/W+NSW+DOUBLE+WAISTBAND+SHORT.png"
Nike Sportswear,,Chamarra ligera de ripstop oversized para mujer,"$1,499",https://www.nike.com/mx/t/chamarra-ligera-de-ripstop-oversized-para-mujer-nike-sportswear-0Aaefw9E/IF0587-407,"https://static.nike.com/a/images/t_web_pw_592_v2/f_auto/u_9ddf04c7-2a9a-4d76-add1-d15af8f0263d,c_scale,fl_relative,w_1.0,h_1.0,fl_layer_apply/182c8fdf-52c1-418a-bdbf-26cbd81eec0b/W+NSW+LTWT+RIPSTOP+WR+JKT.png"
Atlético Madrid visitante 2026/27 Stadium,,Jersey de futbol Nike Dri-FIT Replica para niños talla grande,"$1,699",https://www.nike.com/mx/t/jersey-de-futbol-nike-dri-fit-replica-del-atletico-de-madrid-visitante-2026-27-stadium-para-ninos-talla-grande-kDdQJTqN/II1695-011,"https://static.nike.com/a/images/t_web_pw_592_v2/f_auto/u_9ddf04c7-2a9a-4d76-add1-d15af8f0263d,c_scale,fl_relative,w_1.0,h_1.0,fl_layer_apply/eda3fc8c-430f-4ea5-9f6b-441c2146b8c5/ATM+Y+NK+DF+JSY+SS+STAD+AW.png"
Jordan,,Pants Tunnel para mujer,"$1,799",https://www.nike.com/mx/t/pants-tunnel-para-mujer-jordan-p3lTo9Sn/IF3923-417,"https://static.nike.com/a/images/t_web_pw_592_v2/f_auto/u_126ab356-44d8-4a06-89b4-fcdcc8df0245,c_scale,fl_relative,w_1.0,h_1.0,fl_layer_apply/c905bdb6-f62a-4e65-8d4a-c6e0093bd5d3/W+J+TUNNEL+PANT+P6.png"
Inter de Milán local 2026/27 Stadium,,Jersey de futbol Nike Dri-FIT Replica para niños talla grande,"$1,699",https://www.nike.com/mx/t/jersey-de-futbol-nike-dri-fit-replica-del-inter-de-milan-local-2026-27-stadium-para-ninos-talla-grande-gi5ut85B/II1648-409,"https://static.nike.com/a/images/t_web_pw_592_v2/f_auto/u_9ddf04c7-2a9a-4d76-add1-d15af8f0263d,c_scale,fl_relative,w_1.0,h_1.0,fl_layer_apply/2ae78473-f66a-477e-b84b-1900ecea66d7/INTER+Y+NK+DF+JSY+SS+STAD+HM.png"
Jordan Sport,,Shorts de malla para mujer,$999,https://www.nike.com/mx/t/shorts-de-malla-para-mujer-jordan-sport-yort3TaE/FN5162-676,"https://static.nike.com/a/images/t_web_pw_592_v2/f_auto/u_126ab356-44d8-4a06-89b4-fcdcc8df0245,c_scale,fl_relative,w_1.0,h_1.0,fl_layer_apply/d32078c3-7076-4747-90a3-7ceebd8ab40c/W+J+SPT+MESH+SHORT+SLD.png"
Nike Club,Lo más vendido,Chamarra de medio cierre para hombre,"$1,799",https://www.nike.com/mx/t/chamarra-de-medio-cierre-para-hombre-nike-club-uiLnnxbK/IO4160-010,"https://static.nike.com/a/images/t_web_pw_592_v2/f_auto/u_9ddf04c7-2a9a-4d76-add1-d15af8f0263d,c_scale,fl_relative,w_1.0,h_1.0,fl_layer_apply/82000ca7-fdc5-4308-b7ac-678c021f6369/M+M+NK+CLUB+HZ+JKT+NCC.png"
Nike Sportswear Premium Essentials,Lo más vendido,Playera para hombre,"$1,099",https://www.nike.com/mx/t/playera-para-hombre-nike-sportswear-premium-essentials-fO4xOp8L/IH1121-010,https://static.nike.com/a/images/t_web_pw_592_v2/f_auto/274e7dfb-2715-4954-8131-c9b97129317a/M+NSW+TEE+LSE+PREM+ESS+SUST.png
Jordan,Lo más vendido,Bolsa para cámara con monograma (1.6 l),"$1,499",https://www.nike.com/mx/t/bolsa-para-camara-jordan-monogram-1-6-l-dqkwtzlr/IW1551-455,"https://static.nike.com/a/images/t_web_pw_592_v2/f_auto/u_126ab356-44d8-4a06-89b4-fcdcc8df0245,c_scale,fl_relative,w_1.0,h_1.0,fl_layer_apply/9b8cbff9-4471-45ff-a01a-7b31f5ef583f/MONOGRAM+CAMERA+BAG.png"
Nike Zenvy,,Pants de tiro medio y pierna amplia para mujer,"$2,349",https://www.nike.com/mx/t/pants-de-tiro-medio-y-pierna-amplia-para-mujer-nike-zenvy-be6cOVm4/IV4958-010,"https://static.nike.com/a/images/t_web_pw_592_v2/f_auto/u_9ddf04c7-2a9a-4d76-add1-d15af8f0263d,c_scale,fl_relative,w_1.0,h_1.0,fl_layer_apply/f59312cd-86d1-4e88-b90f-136a1b090428/W+NK+DF+ZENVY+WIDE+LEG+PANT.png"
Nike One,,Leggings de tiro alto acampanados para mujer,"$1,399",https://www.nike.com/mx/t/leggings-de-tiro-alto-acampanados-para-mujer-nike-one-sgNRgv1R/IB9135-410,"https://static.nike.com/a/images/t_web_pw_592_v2/f_auto/u_9ddf04c7-2a9a-4d76-add1-d15af8f0263d,c_scale,fl_relative,w_1.0,h_1.0,fl_layer_apply/cdb30888-cec6-4796-ba29-99191f8b6d96/W+NK+ONE+DF+HR+TGHT+FLRE+USEAM.png"
Jordan,,Bandolera Monogram (3 L),"$1,799",https://www.nike.com/mx/t/bandolera-monogram-3-l-jordan-H3v7jLB5/IW1543-455,"https://static.nike.com/a/images/t_web_pw_592_v2/f_auto/u_126ab356-44d8-4a06-89b4-fcdcc8df0245,c_scale,fl_relative,w_1.0,h_1.0,fl_layer_apply/ac39038b-98a1-4727-b4d2-a9336c909e80/JAM+MONOGRAM+SLING.png"
Nike Sportswear,,Playera para hombre,$899,https://www.nike.com/mx/t/playera-para-hombre-nike-sportswear-vsriqOvL/IM3749-010,"https://static.nike.com/a/images/t_web_pw_592_v2/f_auto/u_9ddf04c7-2a9a-4d76-add1-d15af8f0263d,c_scale,fl_relative,w_1.0,h_1.0,fl_layer_apply/06c8ff3f-136d-402a-80bd-36b6633cc285/M+NSW+TEE+STD+CLUB+CNCT+SPORT.png"
Nike Sportswear,,Pants deportivos de encaje de tiro medio holgados para mujer,"$1,799",https://www.nike.com/mx/t/pants-deportivos-de-encaje-de-tiro-medio-holgados-para-mujer-nike-sportswear-P5N9oxw5/IU1983-010,"https://static.nike.com/a/images/t_web_pw_592_v2/f_auto/u_9ddf04c7-2a9a-4d76-add1-d15af8f0263d,c_scale,fl_relative,w_1.0,h_1.0,fl_layer_apply/41b67edb-48b0-44f4-bb83-b45b3ac4d90e/W+NK+LACE+INSET+TRACK+PANT.png"
"Nike Studio Fleece Medium Weight ""Graphic Pack""",Lo nuevo,Sudadera de cuello redondo con estampado en relieve oversized para mujer,"$1,699",https://www.nike.com/mx/t/sudadera-de-cuello-redondo-con-estampado-en-relieve-oversized-para-mujer-nike-studio-fleece-medium-weight-graphic-pack-qN9yzAGj/IU1139-063,"https://static.nike.com/a/images/t_web_pw_592_v2/f_auto/u_9ddf04c7-2a9a-4d76-add1-d15af8f0263d,c_scale,fl_relative,w_1.0,h_1.0,fl_layer_apply/b90cd587-8698-4c35-b71b-93b011cc63fd/W+NK+STDO+FLC+MW+OS+EB+CREW.png"
Nike Sportswear,Lo nuevo,Playera para hombre,"$1,349",https://www.nike.com/mx/t/playera-para-hombre-nike-sportswear-GdKIMD37/IQ5917-010,"https://static.nike.com/a/images/t_web_pw_592_v2/f_auto/u_9ddf04c7-2a9a-4d76-add1-d15af8f0263d,c_scale,fl_relative,w_1.0,h_1.0,fl_layer_apply/1015ffd1-0e65-4937-94d8-6ffdfb35f9f5/M+NK+DZ+TEE.png"
"Nike Studio Fleece Lightweight ""French Terry""",Lo más vendido,Sudadera con gorro sin cierre para mujer,"$1,299",https://www.nike.com/mx/t/sudadera-con-gorro-para-mujer-nike-studio-fleece-lightweight-french-terry-c4XeYSq7/IM8515-001,"https://static.nike.com/a/images/t_web_pw_592_v2/f_auto/u_9ddf04c7-2a9a-4d76-add1-d15af8f0263d,c_scale,fl_relative,w_1.0,h_1.0,fl_layer_apply/65ebd192-2bed-4364-bcdb-1b318c37061c/W+NK+STDO+FLC+LW+STD+PO+HDY.png"
Nike Studio Fleece Lightweight,,Sudadera con gorro de cierre completo para mujer,"$1,399",https://www.nike.com/mx/t/sudadera-con-gorro-de-cierre-completo-para-mujer-nike-studio-fleece-lightweight-4eN8DW6u/IM8114-621,"https://static.nike.com/a/images/t_web_pw_592_v2/f_auto/u_9ddf04c7-2a9a-4d76-add1-d15af8f0263d,c_scale,fl_relative,w_1.0,h_1.0,fl_layer_apply/1ac1974b-145b-4d04-959e-a75e04b0c032/W+NK+STDO+FLC+LW+STD+FZ+HDY.png"
Nike,,Conjunto de 2 piezas Dri-FIT con ribetes y cierre completo Propus Lifestyle para niños talla pequeña,"$1,199",https://www.nike.com/mx/t/conjunto-de-2-piezas-dri-fit-con-ribetes-y-cierre-completo-propus-lifestyle-para-ninos-talla-pequena-nike-lgsBcQlZ/IZ7793-010,"https://static.nike.com/a/images/t_web_pw_592_v2/f_auto/u_9ddf04c7-2a9a-4d76-add1-d15af8f0263d,c_scale,fl_relative,w_1.0,h_1.0,fl_layer_apply/50ec0a3e-2658-4dfe-968c-969008a007c0/NKN+LIFESTYLE+FZ+PROPUS+PIPING.png"
Nike Sportswear,,Playera,$899,https://www.nike.com/mx/t/playera-nike-sportswear-9Lkr5wNO/IM9339-323,"https://static.nike.com/a/images/t_web_pw_592_v2/f_auto/u_9ddf04c7-2a9a-4d76-add1-d15af8f0263d,c_scale,fl_relative,w_1.0,h_1.0,fl_layer_apply/14e1f77a-3354-4d70-815d-b8a0ef271e76/U+NSW+TEE+LSE+BBALL+DUNK.png"
Nike Tech,,Playera de manga corta Dri-FIT ADV para hombre,"$1,799",https://www.nike.com/mx/t/playera-de-manga-corta-dri-fit-adv-para-hombre-nike-tech-vLRLzaJO/IM5729-009,"https://static.nike.com/a/images/t_web_pw_592_v2/f_auto/u_9ddf04c7-2a9a-4d76-add1-d15af8f0263d,c_scale,fl_relative,w_1.0,h_1.0,fl_layer_apply/224ae407-d75f-45b2-ab27-0a62e9f9552a/M+NK+DFADV+TCH+PRO+MGNA+SS+TOP.png"
Nike Studio Fleece Lightweight,,Sudadera con gorro de cierre completo para mujer,"$1,399",https://www.nike.com/mx/t/sudadera-con-gorro-de-cierre-completo-para-mujer-nike-studio-fleece-lightweight-4eN8DW6u/IM8114-001,"https://static.nike.com/a/images/t_web_pw_592_v2/f_auto/u_9ddf04c7-2a9a-4d76-add1-d15af8f0263d,c_scale,fl_relative,w_1.0,h_1.0,fl_layer_apply/96580a22-3557-4683-a5ef-3548b69cafe4/W+NK+STDO+FLC+LW+STD+FZ+HDY.png"
"Nike Studio Fleece Lightweight ""French Terry""",Lo más vendido,Sudadera con gorro sin cierre para mujer,"$1,299",https://www.nike.com/mx/t/sudadera-con-gorro-para-mujer-nike-studio-fleece-lightweight-french-terry-c4XeYSq7/IM8515-063,"https://static.nike.com/a/images/t_web_pw_592_v2/f_auto/u_9ddf04c7-2a9a-4d76-add1-d15af8f0263d,c_scale,fl_relative,w_1.0,h_1.0,fl_layer_apply/79b51787-42c8-438b-bc19-f905ed08df8a/W+NK+STDO+FLC+LW+STD+PO+HDY.png"
Nike Sportswear Studio Fleece,,Sudadera con gorro oversized de cierre completo para niña talla grande,"$1,049",https://www.nike.com/mx/t/sudadera-con-gorro-oversized-de-cierre-completo-para-nina-talla-grande-nike-sportswear-studio-fleece-BpGrS53O/IM4904-654,"https://static.nike.com/a/images/t_web_pw_592_v2/f_auto/u_9ddf04c7-2a9a-4d76-add1-d15af8f0263d,c_scale,fl_relative,w_1.0,h_1.0,fl_layer_apply/5d9bf720-be33-4757-a6b0-4fedcc545f5b/G+NSW+STUDIO+FLC+OS+FZ+HD.png"
Nike Sportswear,,Playera para hombre,$899,https://www.nike.com/mx/t/playera-para-hombre-nike-sportswear-rIrv3AnV/IW0964-060,"https://static.nike.com/a/images/t_web_pw_592_v2/f_auto/u_9ddf04c7-2a9a-4d76-add1-d15af8f0263d,c_scale,fl_relative,w_1.0,h_1.0,fl_layer_apply/732f2f80-eb07-40c2-b7ec-a69c150591fa/M+NSW+TEE+WASH+FMRN.png"
Nike Tech Helios,,Shorts Dri-FIT para hombre,"$2,599",https://www.nike.com/mx/t/shorts-dri-fit-para-hombre-nike-tech-helios-50y5k6rx/IF1304-303,"https://static.nike.com/a/images/t_web_pw_592_v2/f_auto/u_9ddf04c7-2a9a-4d76-add1-d15af8f0263d,c_scale,fl_relative,w_1.0,h_1.0,fl_layer_apply/f562fe87-d865-4f81-abef-bc1ec1331419/M+NK+DF+TECH+HELIOS+SUN+SHORT.png"
Nike Studio Fleece Medium Weight,,Pants de tiro medio y pierna amplia para mujer,"$1,499",https://www.nike.com/mx/t/pants-de-tiro-medio-y-pierna-amplia-para-mujer-nike-studio-fleece-medium-weight-mlDp8dIs/IU1156-063,"https://static.nike.com/a/images/t_web_pw_592_v2/f_auto/u_9ddf04c7-2a9a-4d76-add1-d15af8f0263d,c_scale,fl_relative,w_1.0,h_1.0,fl_layer_apply/64142d22-60d1-4520-a078-29dcc704266b/W+NK+STDO+FLC+MW+STD+MR+EB+WL.png"
Nike Club,,Sudadera con gorro de French Terry para hombre,"$1,549",https://www.nike.com/mx/t/sudadera-con-gorro-de-french-terry-para-hombre-nike-club-NOamLHQZ/IQ6266-063,"https://static.nike.com/a/images/t_web_pw_592_v2/f_auto/u_9ddf04c7-2a9a-4d76-add1-d15af8f0263d,c_scale,fl_relative,w_1.0,h_1.0,fl_layer_apply/d8b95e70-b834-4da4-b22d-b2af41f7ead6/M+NK+CLUB+FT+HOODY+NCC.png"
"Nike Studio Fleece Lightweight ""French Terry""",,Sudadera para mujer,"$1,249",https://www.nike.com/mx/t/sudadera-de-cuello-redondo-para-mujer-nike-studio-fleece-lightweight-french-terry-yX9cUHE9/IM8112-001,"https://static.nike.com/a/images/t_web_pw_592_v2/f_auto/u_9ddf04c7-2a9a-4d76-add1-d15af8f0263d,c_scale,fl_relative,w_1.0,h_1.0,fl_layer_apply/96f32f8e-24ab-4bfe-af25-161d064c5bca/W+NK+STDO+FLC+LW+STD+CREW.png"
"Nike Studio Fleece Lightweight ""French Terry""",,Pants de tiro medio con puño para mujer,"$1,299",https://www.nike.com/mx/t/pants-de-tiro-medio-con-puno-para-mujer-nike-studio-fleece-lightweight-french-terry-fWQBpSkP/IM8104-001,"https://static.nike.com/a/images/t_web_pw_592_v2/f_auto/u_9ddf04c7-2a9a-4d76-add1-d15af8f0263d,c_scale,fl_relative,w_1.0,h_1.0,fl_layer_apply/358bd9be-92f0-4a70-ab7b-66fade48eaa6/W+NK+STDO+FLC+LW+MR+STD+CF+PNT.png"
"Nike Studio Fleece Lightweight ""French Terry""",,Shorts de tiro medio para mujer,$999,https://www.nike.com/mx/t/shorts-de-tiro-medio-para-mujer-nike-studio-fleece-lightweight-french-terry-r94dFJzK/IM8508-001,"https://static.nike.com/a/images/t_web_pw_592_v2/f_auto/u_9ddf04c7-2a9a-4d76-add1-d15af8f0263d,c_scale,fl_relative,w_1.0,h_1.0,fl_layer_apply/704a4672-e6ab-46aa-9181-0b818e0e7519/W+NK+STDO+FLC+LW+MR+STD+4+SHRT.png"
Nike Sportswear,,Jeans negros para hombre,"$2,199",https://www.nike.com/mx/t/jeans-negros-para-hombre-nike-sportswear-VAhjVeWj/IR8189-010,"https://static.nike.com/a/images/t_web_pw_592_v2/f_auto/u_9ddf04c7-2a9a-4d76-add1-d15af8f0263d,c_scale,fl_relative,w_1.0,h_1.0,fl_layer_apply/98d8c6dd-522f-45ee-9138-5cdc57872e70/M+NK+YMH+BLACK+JEANS.png"
Nike Sportswear Chill Knit,,Playera para mujer,$899,https://www.nike.com/mx/t/playera-para-mujer-nike-sportswear-chill-knit-hAyAo2uK/IW0939-133,"https://static.nike.com/a/images/t_web_pw_592_v2/f_auto/u_9ddf04c7-2a9a-4d76-add1-d15af8f0263d,c_scale,fl_relative,w_1.0,h_1.0,fl_layer_apply/47c5d14c-6c8b-43be-91eb-ff7a7fb4bac6/W+NSW+MD+CRP+SPORT+DOG+SGPX.png"
Nike Retro Remix,,Conjunto deportivo para pistas de dos piezas para niños talla pequeña,"$1,549",https://www.nike.com/mx/t/conjunto-deportivo-para-pistas-de-dos-piezas-nike-retro-remix-para-ninos-talla-pequena-jQwWXglq/IZ7513-010,"https://static.nike.com/a/images/t_web_pw_592_v2/f_auto/u_9ddf04c7-2a9a-4d76-add1-d15af8f0263d,c_scale,fl_relative,w_1.0,h_1.0,fl_layer_apply/6bc84584-3214-4c90-be2f-2eada92d0c5a/NKG+RETRO+REMIX+TRACK+SET.png"
Nike Sportswear,,Conjunto de 2 piezas de sudadera de cuello redondo de tejido Fleece Multisport para bebé (12-24 M),"$1,299",https://www.nike.com/mx/t/conjunto-de-2-piezas-de-sudadera-de-cuello-redondo-de-tejido-fleece-multisport-para-bebe-12-24-m-nike-sportswear-uHRycw7x/IZ7348-211,"https://static.nike.com/a/images/t_web_pw_592_v2/f_auto/u_9ddf04c7-2a9a-4d76-add1-d15af8f0263d,c_scale,fl_relative,w_1.0,h_1.0,fl_layer_apply/ef10eadd-1921-407c-9192-82c9ce7d606e/NKB+B+NSW+MULTISPORT+FLC+CREW.png"
Nike Sportswear Goal Mode,,Conjunto de 2 piezas con shorts infantil,"$1,199",https://www.nike.com/mx/t/conjunto-de-2-piezas-con-shorts-infantil-nike-sportswear-goal-mode-1pvMAX50/IW1615-010,"https://static.nike.com/a/images/t_web_pw_592_v2/f_auto/u_9ddf04c7-2a9a-4d76-add1-d15af8f0263d,c_scale,fl_relative,w_1.0,h_1.0,fl_layer_apply/eece9b90-2e89-45e5-aa2a-73ad8a979e44/B+NSW+GOAL+MODE+SHORT+SET.png"
Nike Sportswear,,Sudadera infantil de cuello redondo de tejido Fleece Multisport,$899,https://www.nike.com/mx/t/sudadera-de-cuello-redondo-de-tejido-fleece-multisport-infantil-nike-sportswear-KKtvH7Du/IZ7135-010,"https://static.nike.com/a/images/t_web_pw_592_v2/f_auto/u_9ddf04c7-2a9a-4d76-add1-d15af8f0263d,c_scale,fl_relative,w_1.0,h_1.0,fl_layer_apply/36f3c39e-6d09-43ec-8ee7-7c39fca01ce1/NKB+B+NSW+MULTISPORT+FLC+CREW.png"
Nike Everyday Elevated,,Calcetas de golf (3 pares),$599,https://www.nike.com/mx/t/calcetas-de-golf-3-pares-nike-everyday-elevated-pGLzrrQ9/IH8636-901,"https://static.nike.com/a/images/t_web_pw_592_v2/f_auto/u_9ddf04c7-2a9a-4d76-add1-d15af8f0263d,c_scale,fl_relative,w_1.0,h_1.0,fl_layer_apply/68fa7166-881b-453c-bb15-7dfa7664c525/U+NK+ED+ELVD+CRW+3P+GOLF-144.png"
Nike Club,Lo nuevo,Chamarra de medio cierre para hombre,"$1,799",https://www.nike.com/mx/t/chamarra-de-medio-cierre-para-hombre-nike-club-uiLnnxbK/IO4160-323,"https://static.nike.com/a/images/t_web_pw_592_v2/f_auto/u_9ddf04c7-2a9a-4d76-add1-d15af8f0263d,c_scale,fl_relative,w_1.0,h_1.0,fl_layer_apply/1ae2b18d-1819-4ebe-b3f8-415582ed8ed1/M+M+NK+CLUB+HZ+JKT+NCC.png"
Nike Sportswear,,Pants deportivos de encaje de tiro medio holgados para mujer,"$1,799",https://www.nike.com/mx/t/pants-deportivos-de-encaje-de-tiro-medio-holgados-para-mujer-nike-sportswear-P5N9oxw5/IU1983-013,"https://static.nike.com/a/images/t_web_pw_592_v2/f_auto/u_9ddf04c7-2a9a-4d76-add1-d15af8f0263d,c_scale,fl_relative,w_1.0,h_1.0,fl_layer_apply/492009d6-7029-408b-81ac-29ef8c74c1bb/W+NK+LACE+INSET+TRACK+PANT.png"
Nike Club,,Pants deportivos para hombre,"$1,699",https://www.nike.com/mx/t/pants-deportivos-para-hombre-nike-club-iqQBvS7k/IQ6278-010,"https://static.nike.com/a/images/t_web_pw_592_v2/f_auto/u_9ddf04c7-2a9a-4d76-add1-d15af8f0263d,c_scale,fl_relative,w_1.0,h_1.0,fl_layer_apply/a62363c4-cdb3-4597-977b-834cd9f6cae4/M+NK+CLUB+ATH+TRK+PANT+NCC.png"
Nike Sportswear,,Remera para mujer,$899,https://www.nike.com/mx/t/playera-para-mujer-nike-sportswear-xgftxm44/IW0865-100,"https://static.nike.com/a/images/t_web_pw_592_v2/f_auto/u_9ddf04c7-2a9a-4d76-add1-d15af8f0263d,c_scale,fl_relative,w_1.0,h_1.0,fl_layer_apply/7e164cdd-b1c2-4470-bc7d-504c2dcb7c16/W+NSW+SS+BF+SPORT+CAT+TEE+TGPX.png"
Jordan,,Calcetines de agarre Americana para bebé e infantil (3 pares),$349,https://www.nike.com/mx/t/calcetines-de-agarre-americana-para-bebe-e-infantil-jordan-3-pares-TqBm5QO1/IZ7518-100,"https://static.nike.com/a/images/t_web_pw_592_v2/f_auto/u_126ab356-44d8-4a06-89b4-fcdcc8df0245,c_scale,fl_relative,w_1.0,h_1.0,fl_layer_apply/8e86c244-7295-48ab-a477-e4be1cb0f9bb/JHB+INF%2FTOD+MJ+AMRCA+3PK+QTR.png"
Jordan,,Chamarra Draft Essential para niños talla grande,"$2,349",https://www.nike.com/mx/t/chamarra-draft-essential-para-ninos-talla-grande-jordan-RNQkKOc6/IB8384-010,"https://static.nike.com/a/images/t_web_pw_592_v2/f_auto/u_126ab356-44d8-4a06-89b4-fcdcc8df0245,c_scale,fl_relative,w_1.0,h_1.0,fl_layer_apply/93f77346-557b-48f8-99ec-7a62be7d2705/JDB+ESS+DRAFT+JACKET.png"
Nike,,Chamarra acolchada de piel sintética para niños talla pequeña,"$2,499",https://www.nike.com/mx/t/chamarra-acolchada-de-piel-sintetica-para-ninos-talla-pequena-nike-dudRoGae/IZ7506-675,"https://static.nike.com/a/images/t_web_pw_592_v2/f_auto/u_9ddf04c7-2a9a-4d76-add1-d15af8f0263d,c_scale,fl_relative,w_1.0,h_1.0,fl_layer_apply/f25cf5d9-780b-4aaf-a2df-411b3f576eb3/NKG+QUILTED+FAUX+FUR+JKT.png"
Nike Sportswear,,Mono completo de algodón para bebé (0 a 9 meses),$579,https://www.nike.com/mx/t/mono-completo-de-algodon-para-bebe-nike-sportswear-0-a-9-meses-iaWBsXX9/IZ7361-480,"https://static.nike.com/a/images/t_web_pw_592_v2/f_auto/u_9ddf04c7-2a9a-4d76-add1-d15af8f0263d,c_scale,fl_relative,w_1.0,h_1.0,fl_layer_apply/ed609cb9-94d7-4f04-81f5-750a5abb160b/NB+NKB+B+NSW+HBR+CTTN+FOTED+CO.png"
Nike,,Playera de corte cuadrado Juxta-Girl infantil,$499,https://www.nike.com/mx/t/playera-de-corte-cuadrado-juxta-girl-infantil-nike-LZQQldBw/IZ8134-133,"https://static.nike.com/a/images/t_web_pw_592_v2/f_auto/u_9ddf04c7-2a9a-4d76-add1-d15af8f0263d,c_scale,fl_relative,w_1.0,h_1.0,fl_layer_apply/06ca5091-29b6-4c1f-8eff-11468d26cda8/NKG+JUXTA-GIRL+BOXY+TEE.png"
Nike,,Conjunto de body y pants para bebé (6 a 9 meses),$699,https://www.nike.com/mx/t/conjunto-de-body-y-pants-para-bebe-nike-6-a-9-meses-fSCeuUZw/IZ7344-480,"https://static.nike.com/a/images/t_web_pw_592_v2/f_auto/u_9ddf04c7-2a9a-4d76-add1-d15af8f0263d,c_scale,fl_relative,w_1.0,h_1.0,fl_layer_apply/a9102bc2-bd90-4b3e-a8fe-8f876373c6d3/NKB+B+NK+SS+BSPS+W+VERBIAGE.png"
Jordan,,Playera Secret Garden Collegiate para niños talla grande,$629,https://www.nike.com/mx/t/playera-secret-garden-collegiate-para-ninos-talla-grande-jordan-WEmWvCD2/IW2203-588,"https://static.nike.com/a/images/t_web_pw_592_v2/f_auto/u_126ab356-44d8-4a06-89b4-fcdcc8df0245,c_scale,fl_relative,w_1.0,h_1.0,fl_layer_apply/11734b0c-48d0-46ad-97e6-bb40dfa55031/JDG+SCRT+GRDN+COLLEGIATE+TEE.png"
Nike Pro,,Shorts Dri-FIT para niños talla pequeña,$549,https://www.nike.com/mx/t/shorts-dri-fit-para-ninos-talla-pequena-nike-pro-EhGUL5Bv/FV2548-010,https://static.nike.com/a/images/t_web_pw_592_v2/f_auto/9b04575f-fe9b-4e74-9d6d-3dd03b4792ce/G+NP+DF+SHORT.png
Jordan,,Shorts de malla tie-dye para niños talla pequeña,$999,https://www.nike.com/mx/t/shorts-de-malla-tie-dye-para-ninos-talla-pequena-jordan-6L0ylj5m/IW2164-068,"https://static.nike.com/a/images/t_web_pw_592_v2/f_auto/u_126ab356-44d8-4a06-89b4-fcdcc8df0245,c_scale,fl_relative,w_1.0,h_1.0,fl_layer_apply/f4e00ae9-75ab-452c-95b6-851f8378ed38/JDB+TIE+DYE+MESH+SHORT.png"
Nike Retro Remix,,Conjunto deportivo infantil de 2 piezas,"$1,499",https://www.nike.com/mx/t/conjunto-deportivo-infantil-de-2-piezas-nike-retro-remix-UOYcBaLM/IZ7267-010,"https://static.nike.com/a/images/t_web_pw_592_v2/f_auto/u_9ddf04c7-2a9a-4d76-add1-d15af8f0263d,c_scale,fl_relative,w_1.0,h_1.0,fl_layer_apply/85e45601-df58-452b-8991-07b56df30f5d/NKG+RETRO+REMIX+TRACK+SET.png"
Nike Sportswear Windrunner,Lo nuevo,Chamarra ligera de cierre completo para hombre,"$2,349",https://www.nike.com/mx/t/chamarra-ligera-de-cierre-completo-para-hombre-nike-sportswear-windrunner-4atgTmcA/IW0962-099,"https://static.nike.com/a/images/t_web_pw_592_v2/f_auto/u_9ddf04c7-2a9a-4d76-add1-d15af8f0263d,c_scale,fl_relative,w_1.0,h_1.0,fl_layer_apply/fc2c86ec-fe41-4a4b-ad12-17c02c599bf3/M+NK+WR+LW+FZ+JKT+FMRN.png"
Jordan,,Playera de rugby Dri-FIT para niños talla grande,"$1,199",https://www.nike.com/mx/t/playera-de-rugby-dri-fit-para-ninos-talla-grande-jordan-82iEjg0B/IZ7484-102,"https://static.nike.com/a/images/t_web_pw_592_v2/f_auto/u_126ab356-44d8-4a06-89b4-fcdcc8df0245,c_scale,fl_relative,w_1.0,h_1.0,fl_layer_apply/6cf386fd-5fd7-4b5a-9d8c-8b96c90b1e54/JDG+SHE%27S+AN+ALLSTAR+RUGBY+TOP.png"
Nike Everyday Elevated,,Calcetas hasta la rodilla (2 pares),$499,https://www.nike.com/mx/t/everyday-elevated-calcetas-hasta-la-rodilla-2-pares-0XOlnAbG/HQ8510-663,"https://static.nike.com/a/images/t_web_pw_592_v2/f_auto/u_9ddf04c7-2a9a-4d76-add1-d15af8f0263d,c_scale,fl_relative,w_1.0,h_1.0,fl_layer_apply/4d9092bc-9732-4f01-834d-ee2dde293d7f/U+NK+ED+ELVD+OTC+2P+-+144.png"
Nike Sportswear,,Playera para hombre,$899,https://www.nike.com/mx/t/playera-para-hombre-nike-sportswear-rIrv3AnV/IW0964-098,"https://static.nike.com/a/images/t_web_pw_592_v2/f_auto/u_9ddf04c7-2a9a-4d76-add1-d15af8f0263d,c_scale,fl_relative,w_1.0,h_1.0,fl_layer_apply/e995a3b7-067f-4739-89fc-f1e69310f1b1/M+NSW+TEE+WASH+FMRN.png"
Jordan Rebel Rose,,Playera de French Terry para niños talla grande,"$1,199",https://www.nike.com/mx/t/playera-de-french-terry-para-ninos-talla-grande-jordan-rebel-rose-maOqYkAo/IZ7548-663,"https://static.nike.com/a/images/t_web_pw_592_v2/f_auto/u_126ab356-44d8-4a06-89b4-fcdcc8df0245,c_scale,fl_relative,w_1.0,h_1.0,fl_layer_apply/85411e56-01aa-44f1-9354-d105bd46c855/JDG+JORDAN+REBEL+ROSE+FLC+TOP.png"
Nike Sportswear Chill Knit,,Playera para mujer,$899,https://www.nike.com/mx/t/playera-para-mujer-nike-sportswear-chill-knit-hAyAo2uK/IW0939-486,"https://static.nike.com/a/images/t_web_pw_592_v2/f_auto/u_9ddf04c7-2a9a-4d76-add1-d15af8f0263d,c_scale,fl_relative,w_1.0,h_1.0,fl_layer_apply/ca47e212-16b6-429a-9910-156374cfb910/W+NSW+MD+CRP+SPORT+DOG+SGPX.png"
Nike Everyday Cushioned,Lo nuevo,Calcetas para niños talla grande (6 pares),$699,https://www.nike.com/mx/t/calcetines-largos-para-ninos-talla-grande-nike-everyday-cushioned-6-pares-HTRTAamU/IQ2212-904,"https://static.nike.com/a/images/t_web_pw_592_v2/f_auto/u_9ddf04c7-2a9a-4d76-add1-d15af8f0263d,c_scale,fl_relative,w_1.0,h_1.0,fl_layer_apply/95b88247-2565-4f4d-9629-d52f0d8dcbe8/Y+NK+ED+CSH+CRW+6P-144+SARTGFX.png"
Nike Miler,,Playera de manga corta Dri-FIT para niños talla grande,$599,https://www.nike.com/mx/t/playera-de-manga-corta-nike-miler-dri-fit-para-ninos-talla-grande-d3Fwl39W/IF2425-608,"https://static.nike.com/a/images/t_web_pw_592_v2/f_auto/u_9ddf04c7-2a9a-4d76-add1-d15af8f0263d,c_scale,fl_relative,w_1.0,h_1.0,fl_layer_apply/18f94b90-8783-4c3c-9e91-82ceb23b8614/K+NK+DF+MILER+SS+TOP.png"
Nike,,Playera Club Boxy para niños talla pequeña,$489,https://www.nike.com/mx/t/playera-club-boxy-para-ninos-talla-pequena-nike-fi0X8EZs/FV3477-621,"https://static.nike.com/a/images/t_web_pw_592_v2/f_auto/u_9ddf04c7-2a9a-4d76-add1-d15af8f0263d,c_scale,fl_relative,w_1.0,h_1.0,fl_layer_apply/f00aef85-6785-41e5-94e0-ef88adfa803c/NKG+HBR+CLUB+BOXY+TEE.png"
Nike ACG,,Playera de manga larga Dri-FIT para niño talla grande,$899,https://www.nike.com/mx/t/playera-de-manga-larga-dri-fit-para-ninos-talla-grande-nike-acg-FHbIww6N/IZ8095-010,"https://static.nike.com/a/images/t_web_pw_592_v2/f_auto/u_9ddf04c7-2a9a-4d76-add1-d15af8f0263d,c_scale,fl_relative,w_1.0,h_1.0,fl_layer_apply/028062e9-22f8-46af-806d-a66a45eb161f/ACN+HBR+ACG+LS+TEE.png"
Jordan,,Playera Brooklyn Auto '84 para niños talla grande,$799,https://www.nike.com/mx/t/playera-brooklyn-auto-84-para-ninos-talla-grande-jordan-n6VIqM9S/IZ7414-100,"https://static.nike.com/a/images/t_web_pw_592_v2/f_auto/u_126ab356-44d8-4a06-89b4-fcdcc8df0245,c_scale,fl_relative,w_1.0,h_1.0,fl_layer_apply/d884d62e-0de8-4db3-8583-bfb7df3620ec/JDB+MJ+BRK+S+AUTO+85+SS+TEE.png"
Jordan,,Playera Brooklyn Shattered Backboard para niños talla pequeña,$699,https://www.nike.com/mx/t/playera-brooklyn-shattered-backboard-para-ninos-talla-pequena-jordan-yfAdpWbZ/IZ7236-010,"https://static.nike.com/a/images/t_web_pw_592_v2/f_auto/u_126ab356-44d8-4a06-89b4-fcdcc8df0245,c_scale,fl_relative,w_1.0,h_1.0,fl_layer_apply/54ef7e9e-13b1-45d8-a403-afed589be7c1/JDB+MJ+BRKLN+SBB+SS+TEE.png"
Nike Sportswear,Lo nuevo,Remera para mujer,$899,https://www.nike.com/mx/t/playera-para-mujer-nike-sportswear-xgftxm44/IW0865-068,"https://static.nike.com/a/images/t_web_pw_592_v2/f_auto/u_9ddf04c7-2a9a-4d76-add1-d15af8f0263d,c_scale,fl_relative,w_1.0,h_1.0,fl_layer_apply/48886c9b-f940-42f0-8216-12fa898f70c7/W+NSW+SS+BF+SPORT+CAT+TEE+TGPX.png"
Nike Sportswear,Lo nuevo,Pants de tejido Fleece para niña talla grande,"$1,299",https://www.nike.com/mx/t/pantalones-de-tejido-fleece-para-nina-talla-grande-nike-sportswear-Kq0Z5hxM/IM4930-010,"https://static.nike.com/a/images/t_web_pw_592_v2/f_auto/u_9ddf04c7-2a9a-4d76-add1-d15af8f0263d,c_scale,fl_relative,w_1.0,h_1.0,fl_layer_apply/657801e2-96ff-4a04-a7a7-1335bbea632e/G+NSW+FLC+PANT+FA26.png"
Nike Sportswear,,Sudadera de cuello redondo de tejido Fleece Multisport para niños talla pequeña,$999,https://www.nike.com/mx/t/sudadera-de-cuello-redondo-de-tejido-fleece-multisport-para-ninos-talla-pequena-nike-sportswear-Uol5yfHm/IZ7446-010,"https://static.nike.com/a/images/t_web_pw_592_v2/f_auto/u_9ddf04c7-2a9a-4d76-add1-d15af8f0263d,c_scale,fl_relative,w_1.0,h_1.0,fl_layer_apply/cc5773e7-9320-4f28-b167-072fa45fcc9e/NKB+B+NSW+MULTISPORT+FLC+CREW.png"
Jordan,,Playera Brooklyn Shattered Backboard para niños talla grande,$799,https://www.nike.com/mx/t/playera-brooklyn-shattered-backboard-para-ninos-talla-grande-jordan-AmN73DMJ/IZ7416-010,"https://static.nike.com/a/images/t_web_pw_592_v2/f_auto/u_126ab356-44d8-4a06-89b4-fcdcc8df0245,c_scale,fl_relative,w_1.0,h_1.0,fl_layer_apply/70650caf-b0c7-4fda-82b1-b2be67b0f536/JDB+MJ+BRKLN+SBB+SS+TEE.png"
Nike Sportswear,,Conjunto de 2 piezas con shorts Multisport para niños talla pequeña,"$1,199",https://www.nike.com/mx/t/conjunto-de-shorts-de-2-piezas-multisport-para-ninos-talla-pequena-nike-sportswear-IIv9wceV/IZ7480-300,"https://static.nike.com/a/images/t_web_pw_592_v2/f_auto/u_9ddf04c7-2a9a-4d76-add1-d15af8f0263d,c_scale,fl_relative,w_1.0,h_1.0,fl_layer_apply/2f5859e8-cc28-4923-aee6-4c81698ef3fb/NKB+B+NSW+MULTISPORT+SHORT+SET.png"
Nike Sportswear,,Conjunto de dos piezas con shorts estampados In The Zone infantil,"$1,029",https://www.nike.com/mx/t/conjunto-de-2-piezas-con-shorts-con-estampado-in-the-zone-infantil-nike-sportswear-RLc1IYEc/IW1641-480,"https://static.nike.com/a/images/t_web_pw_592_v2/f_auto/u_9ddf04c7-2a9a-4d76-add1-d15af8f0263d,c_scale,fl_relative,w_1.0,h_1.0,fl_layer_apply/d60ffdb8-119b-4beb-b421-3bb64555d1e3/NKB+B+NSW+ITZ+AOP+SHORT+SET.png"
Nike Sportswear,,Conjunto de 2 piezas de sudadera de cuello redondo de tejido Fleece Brand Ambassador para bebé (12-24 M),"$1,299",https://www.nike.com/mx/t/conjunto-de-2-piezas-de-sudadera-de-cuello-redondo-de-tejido-fleece-brand-ambassador-para-bebe-12-24-m-nike-sportswear-GKIswg43/IZ7346-410,"https://static.nike.com/a/images/t_web_pw_592_v2/f_auto/u_9ddf04c7-2a9a-4d76-add1-d15af8f0263d,c_scale,fl_relative,w_1.0,h_1.0,fl_layer_apply/565bb197-c4fb-4529-940d-54214c792eb5/NKB+B+NSW+BRAND+A+FLC+CREW+SET.png"
Jordan,,Chaleco acolchado para niños talla grande,"$2,499",https://www.nike.com/mx/t/chaleco-acolchado-para-ninos-talla-grande-jordan-IRCo137Z/IZ8124-010,"https://static.nike.com/a/images/t_web_pw_592_v2/f_auto/u_126ab356-44d8-4a06-89b4-fcdcc8df0245,c_scale,fl_relative,w_1.0,h_1.0,fl_layer_apply/c1d5d928-2589-4a06-962a-43f0c61264dd/JDN+PUFFER+VEST.png"
Nike Sportswear Goal Mode,,Conjunto de 2 piezas con shorts para niños talla pequeña,"$1,199",https://www.nike.com/mx/t/conjunto-de-shorts-de-dos-piezas-para-ninos-talla-pequena-nike-sportswear-goal-mode-eTJDX3gt/IW1485-010,"https://static.nike.com/a/images/t_web_pw_592_v2/f_auto/u_9ddf04c7-2a9a-4d76-add1-d15af8f0263d,c_scale,fl_relative,w_1.0,h_1.0,fl_layer_apply/ad20dfdd-325e-4a0c-ac8c-dcb45d6be699/B+NSW+GOAL+MODE+SHORT+SET.png"
Nike Sportswear,,Jersey oversized para mujer,"$1,449",https://www.nike.com/mx/t/jersey-de-tela-de-punto-oversized-para-mujer-nike-sportswear-23eiNST6/IQ6137-417,"https://static.nike.com/a/images/t_web_pw_592_v2/f_auto/u_9ddf04c7-2a9a-4d76-add1-d15af8f0263d,c_scale,fl_relative,w_1.0,h_1.0,fl_layer_apply/4abd7484-2832-474e-9ee6-563a96cc57e4/W+NK+STREET+GFX+JERSEY.png"
Jordan,,Calcetines de agarre Americana para bebé e infantil (3 pares),$349,https://www.nike.com/mx/t/calcetines-de-agarre-americana-para-bebe-e-infantil-jordan-3-pares-TqBm5QO1/IZ7518-657,"https://static.nike.com/a/images/t_web_pw_592_v2/f_auto/u_126ab356-44d8-4a06-89b4-fcdcc8df0245,c_scale,fl_relative,w_1.0,h_1.0,fl_layer_apply/ab8b1158-bb01-4193-849a-d41585c33701/JHB+INF%2FTOD+MJ+AMRCA+3PK+QTR.png"
Nike,,Playera con gráfico de delfín para niños talla pequeña,$549,https://www.nike.com/mx/t/playera-con-grafico-de-delfin-para-ninos-talla-pequena-nike-EfR4dj6B/IZ7741-010,"https://static.nike.com/a/images/t_web_pw_592_v2/f_auto/u_9ddf04c7-2a9a-4d76-add1-d15af8f0263d,c_scale,fl_relative,w_1.0,h_1.0,fl_layer_apply/7dad082e-b5d3-4de5-b620-4c2aec543616/NKG+DOLPHIN+TCOE+GFX+TEE.png"
Jordan,,Playera Brooklyn Realtree para niños talla grande,"$1,799",https://www.nike.com/mx/t/playera-jordan-para-ninos-talla-grande-brooklyn-realtree-TRRPNljd/IZ8177-123,"https://static.nike.com/a/images/t_web_pw_592_v2/f_auto/u_126ab356-44d8-4a06-89b4-fcdcc8df0245,c_scale,fl_relative,w_1.0,h_1.0,fl_layer_apply/f8a93d65-76dd-4647-bfc1-1265dc6f4be4/JDB+MJ+BRK+RLT+SSNL+TOP.png"
Nike Sportswear,,Playera para niños talla grande,$549,https://www.nike.com/mx/t/playera-para-ninos-talla-grande-nike-sportswear-bpKszcsn/IV5611-084,"https://static.nike.com/a/images/t_web_pw_592_v2/f_auto/u_9ddf04c7-2a9a-4d76-add1-d15af8f0263d,c_scale,fl_relative,w_1.0,h_1.0,fl_layer_apply/7e1b8e78-9bb0-4c27-8dab-d96dda81199a/K+NSW+TEE+LSE+OC+1.png"
Nike,,Playera Juxta-Girl Ringlet para niños talla pequeña,$549,https://www.nike.com/mx/t/playera-juxta-girl-ringlet-para-ninos-talla-pequena-nike-JPrLKLXZ/IZ7748-211,"https://static.nike.com/a/images/t_web_pw_592_v2/f_auto/u_9ddf04c7-2a9a-4d76-add1-d15af8f0263d,c_scale,fl_relative,w_1.0,h_1.0,fl_layer_apply/45adba24-8d14-41d1-b1b5-a049271a0648/NKG+JUXTA-GIRL+RINGLET+TEE.png"
Jordan,,Chamarra Draft Essential para niños talla pequeña,"$2,249",https://www.nike.com/mx/t/chamarra-draft-essential-para-ninos-talla-pequena-jordan-gbvt7Vyc/IB9019-010,"https://static.nike.com/a/images/t_web_pw_592_v2/f_auto/u_126ab356-44d8-4a06-89b4-fcdcc8df0245,c_scale,fl_relative,w_1.0,h_1.0,fl_layer_apply/f5845047-03cc-43c6-802a-b10d30965a25/JDB+ESS+DRAFT+JACKET.png"
Nike,,Chamarra acolchada de piel sintética para niños talla pequeña,"$2,499",https://www.nike.com/mx/t/chamarra-acolchada-de-piel-sintetica-para-ninos-talla-pequena-nike-dudRoGae/IZ7506-010,"https://static.nike.com/a/images/t_web_pw_592_v2/f_auto/u_9ddf04c7-2a9a-4d76-add1-d15af8f0263d,c_scale,fl_relative,w_1.0,h_1.0,fl_layer_apply/81939a4a-4bef-44cd-a393-40d50bef56c5/NKG+QUILTED+FAUX+FUR+JKT.png"
Nike Sportswear Chill Knit,Lo nuevo,Playera slim mod-cropped para mujer,$899,https://www.nike.com/mx/t/playera-slim-mod-cropped-para-mujer-nike-sportswear-chill-knit-FQRdU424/IM6414-583,"https://static.nike.com/a/images/t_web_pw_592_v2/f_auto/u_9ddf04c7-2a9a-4d76-add1-d15af8f0263d,c_scale,fl_relative,w_1.0,h_1.0,fl_layer_apply/1b740b48-64e3-4637-83b1-3beac2738352/W+NSW+NK+CHLLKNT+MDCRP+TEE+MSC.png"
Nike,,Playera de corte cuadrado Juxta-Girl para niños talla pequeña,$549,https://www.nike.com/mx/t/playera-de-corte-cuadrado-juxta-girl-para-ninos-talla-pequena-nike-sKf07KAl/IZ7746-133,"https://static.nike.com/a/images/t_web_pw_592_v2/f_auto/u_9ddf04c7-2a9a-4d76-add1-d15af8f0263d,c_scale,fl_relative,w_1.0,h_1.0,fl_layer_apply/827024a3-55b7-43ad-9649-d23451117afb/NKG+JUXTA-GIRL+BOXY+TEE.png"
Nike Sportswear,,Conjunto de 2 piezas de sudadera de cuello redondo de tejido Fleece Multisport para bebé (12-24 M),"$1,299",https://www.nike.com/mx/t/conjunto-de-2-piezas-de-sudadera-de-cuello-redondo-de-tejido-fleece-multisport-para-bebe-12-24-m-nike-sportswear-uHRycw7x/IZ7348-010,"https://static.nike.com/a/images/t_web_pw_592_v2/f_auto/u_9ddf04c7-2a9a-4d76-add1-d15af8f0263d,c_scale,fl_relative,w_1.0,h_1.0,fl_layer_apply/7edf18a8-2515-4366-a393-d4cc1e03aa9a/NKB+B+NSW+MULTISPORT+FLC+CREW.png"
Nike Studio Fleece Lightweight,,Sudadera con gorro de cierre completo para mujer,"$1,399",https://www.nike.com/mx/t/sudadera-con-gorro-de-cierre-completo-para-mujer-nike-studio-fleece-lightweight-4eN8DW6u/IM8114-063,"https://static.nike.com/a/images/t_web_pw_592_v2/f_auto/u_9ddf04c7-2a9a-4d76-add1-d15af8f0263d,c_scale,fl_relative,w_1.0,h_1.0,fl_layer_apply/a4f9ff3d-30e0-4bfb-8274-5d0fd8083b56/W+NK+STDO+FLC+LW+STD+FZ+HDY.png"
Nike Sportswear,,Shorts holgados de tiro alto de ripstop ligero para mujer,"$1,249",https://www.nike.com/mx/t/shorts-holgados-de-tiro-alto-de-ripstop-ligero-para-mujer-nike-sportswear-jZgWvIr5/IF0563-013,"https://static.nike.com/a/images/t_web_pw_592_v2/f_auto/u_9ddf04c7-2a9a-4d76-add1-d15af8f0263d,c_scale,fl_relative,w_1.0,h_1.0,fl_layer_apply/7a524c8a-a4c2-452e-860b-f07b6e470af2/W+NSW+DOUBLE+WAISTBAND+SHORT.png"
Jordan,,Pantalones de French Terry para niño talla grande,"$1,299",https://www.nike.com/mx/t/pants-de-french-terry-para-ninos-talla-grande-jordan-04cN1joH/IZ7734-661,"https://static.nike.com/a/images/t_web_pw_592_v2/f_auto/u_126ab356-44d8-4a06-89b4-fcdcc8df0245,c_scale,fl_relative,w_1.0,h_1.0,fl_layer_apply/a70b01d2-821b-4bc6-a635-b9b690a1ecef/JDG+SHE%27S+AN+ALL+STAR+FT+PANT.png"
Nike,,Playera Juxta-Girl Ringlet para niños talla pequeña,$549,https://www.nike.com/mx/t/playera-juxta-girl-ringlet-para-ninos-talla-pequena-nike-JPrLKLXZ/IZ7748-621,"https://static.nike.com/a/images/t_web_pw_592_v2/f_auto/u_9ddf04c7-2a9a-4d76-add1-d15af8f0263d,c_scale,fl_relative,w_1.0,h_1.0,fl_layer_apply/a1a66308-0969-439b-85b6-71a8dd416746/NKG+JUXTA-GIRL+RINGLET+TEE.png"
Jordan,,Playera Brooklyn Realtree para niños talla grande,$799,https://www.nike.com/mx/t/playera-brooklyn-realtree-para-ninos-talla-grande-jordan-owhGy5th/IZ7409-010,"https://static.nike.com/a/images/t_web_pw_592_v2/f_auto/u_126ab356-44d8-4a06-89b4-fcdcc8df0245,c_scale,fl_relative,w_1.0,h_1.0,fl_layer_apply/c26f9fcb-bf64-4db2-9d3d-5716ce50e204/JDB+MJ+BK+REAL+TREE+SS+TEE.png"
Jordan,,Playera de rugby Dri-FIT para niños talla grande,"$1,199",https://www.nike.com/mx/t/playera-de-rugby-dri-fit-para-ninos-talla-grande-jordan-82iEjg0B/IZ7484-661,"https://static.nike.com/a/images/t_web_pw_592_v2/f_auto/u_126ab356-44d8-4a06-89b4-fcdcc8df0245,c_scale,fl_relative,w_1.0,h_1.0,fl_layer_apply/4ad195ec-c5db-405f-a785-bbbc4acc4ab9/JDG+SHE%27S+AN+ALLSTAR+RUGBY+TOP.png"
Nike Sportswear Goal Mode,,Conjunto de 2 piezas con shorts infantil,"$1,199",https://www.nike.com/mx/t/conjunto-de-2-piezas-con-shorts-infantil-nike-sportswear-goal-mode-1pvMAX50/IW1615-410,"https://static.nike.com/a/images/t_web_pw_592_v2/f_auto/u_9ddf04c7-2a9a-4d76-add1-d15af8f0263d,c_scale,fl_relative,w_1.0,h_1.0,fl_layer_apply/1b265218-3ec8-4a0b-a788-d996345c0263/B+NSW+GOAL+MODE+SHORT+SET.png"
Nike Sportswear,,Conjunto de 2 piezas con shorts Multisport para niños talla pequeña,"$1,199",https://www.nike.com/mx/t/conjunto-de-shorts-de-2-piezas-multisport-para-ninos-talla-pequena-nike-sportswear-IIv9wceV/IZ7480-480,"https://static.nike.com/a/images/t_web_pw_592_v2/f_auto/u_9ddf04c7-2a9a-4d76-add1-d15af8f0263d,c_scale,fl_relative,w_1.0,h_1.0,fl_layer_apply/db9ae74c-b74d-4cd9-9541-140bce8083cc/NKB+B+NSW+MULTISPORT+SHORT+SET.png"
Nike Sportswear,,Playera de manga larga para niños grandes,$649,https://www.nike.com/mx/t/playera-de-manga-larga-para-ninos-grandes-nike-sportswear-Hl2VfsaP/IO2196-010,"https://static.nike.com/a/images/t_web_pw_592_v2/f_auto/u_9ddf04c7-2a9a-4d76-add1-d15af8f0263d,c_scale,fl_relative,w_1.0,h_1.0,fl_layer_apply/d32b46f3-9bb1-4da4-a631-0ef7ccdb8fd8/K+NSW+LS+TEE+SPOOKY.png"
Nike Everyday Cushioned,Lo más vendido,Calcetines de entrenamiento hasta el tobillo (6 pares),$699,https://www.nike.com/mx/t/calcetines-de-entrenamiento-cortos-nike-everyday-cushioned-6-pares-Bmv8BN/SX7669-100,"https://static.nike.com/a/images/t_web_pw_592_v2/f_auto/u_9ddf04c7-2a9a-4d76-add1-d15af8f0263d,c_scale,fl_relative,w_1.0,h_1.0,fl_layer_apply/mn7nhtmsewvndmtbfozm/U+NK+EVERYDAY+CSH+ANKL+6PR+132.png"
Nike Stride,,Shorts de correr Dri-FIT con forro de ropa interior de 13 cm para hombre,"$1,299",https://www.nike.com/mx/t/shorts-de-correr-dri-fit-de-13-cm-con-forro-de-ropa-interior-para-hombre-nike-stride-FP2QHqUw/IF2038-010,"https://static.nike.com/a/images/t_web_pw_592_v2/f_auto/u_9ddf04c7-2a9a-4d76-add1-d15af8f0263d,c_scale,fl_relative,w_1.0,h_1.0,fl_layer_apply/e74a5c79-216b-4bc6-806e-9aa0a528e9a8/M+NK+DF+STRIDE+5IN+BF+SHORT.png"
Nike Everyday Elevated,,19% de descuento,$549,https://www.nike.com/mx/t/calcetines-al-tobillo-3-pares-nike-everyday-elevated-Kj9hS2PT/HQ8030-902,"https://static.nike.com/a/images/t_web_pw_592_v2/f_auto/u_9ddf04c7-2a9a-4d76-add1-d15af8f0263d,c_scale,fl_relative,w_1.0,h_1.0,fl_layer_apply/8a1fb6ab-7a15-4888-8cec-71a0729ae2be/U+NK+ED+ELVD+ANK+3P+-+144.png"
Jordan Sport Essentials,Lo más vendido,19% de descuento,$949,https://www.nike.com/mx/t/shorts-de-tejido-woven-dri-fit-para-hombre-jordan-sport-essentials-s7rBfIg9/IF2160-010,"https://static.nike.com/a/images/t_web_pw_592_v2/f_auto/u_126ab356-44d8-4a06-89b4-fcdcc8df0245,c_scale,fl_relative,w_1.0,h_1.0,fl_layer_apply/1918cb84-9303-4c9d-9321-25a62b8daf42/M+J+DF+SPT+ESS+WVN+SHORT.png"
Jordan Sport Essentials,,19% de descuento,$849,https://www.nike.com/mx/t/shorts-dri-fit-para-hombre-jordan-sport-essentials-bLx7tixv/IF0891-010,"https://static.nike.com/a/images/t_web_pw_592_v2/f_auto/u_126ab356-44d8-4a06-89b4-fcdcc8df0245,c_scale,fl_relative,w_1.0,h_1.0,fl_layer_apply/a90ecc92-460c-4abe-8412-4d818f519c6a/M+J+DF+SPT+ESS+SHORT.png"
Nike Strike,,10% de descuento,$949,https://www.nike.com/mx/t/playera-de-futbol-de-manga-corta-dri-fit-para-hombre-nike-strike-rKGd1EAK/IF1461-804,"https://static.nike.com/a/images/t_web_pw_592_v2/f_auto/u_9ddf04c7-2a9a-4d76-add1-d15af8f0263d,c_scale,fl_relative,w_1.0,h_1.0,fl_layer_apply/52bd1bf0-ff71-4ca7-b666-ce9a4b606407/M+NK+DF+STRK+TOP+SS.png"
Nike ACG,,10% de descuento,"$1,099",https://www.nike.com/mx/t/playera-de-manga-corta-para-hombre-nike-acg-m69JRM/DC5356-382,"https://static.nike.com/a/images/t_web_pw_592_v2/f_auto/u_9ddf04c7-2a9a-4d76-add1-d15af8f0263d,c_scale,fl_relative,w_1.0,h_1.0,fl_layer_apply/e1800fe4-6d43-47e5-9c16-63092aa0eff5/M+NRG+ACG+SS+LBR+TEE.png"
Nike Sportswear,,10% de descuento,"$1,599",https://www.nike.com/mx/t/shorts-de-tiro-alto-de-5-cm-para-mujer-nike-sportswear-ars6Vx9u/IF0516-410,"https://static.nike.com/a/images/t_web_pw_592_v2/f_auto/u_9ddf04c7-2a9a-4d76-add1-d15af8f0263d,c_scale,fl_relative,w_1.0,h_1.0,fl_layer_apply/15138bc6-a5a2-4c6a-b3c5-7b5e207cd7d5/W+NK+ELEVATED+STREET+2%22+SHORT.png"
